"","ID","ES1","ES2","ES3","ES4","ES5","ES6","ES7","ES8","UWES6","UWES9","UWES11","UWES15","UWES5","UWES7","UWES13","UWES2","UWES3","UWES4","UWES14","UWES17","ESA","UWES_direction","UWES_activation"
"1",1,1,1,1,1,1,2,2,1,4,5,4,4,4,3,4,3,3,3,4,4,10,17,28
"2",2,2,2,3,2,2,2,2,2,4,4,4,4,3,4,4,4,4,4,4,4,17,16,31
"3",3,2,2,2,2,2,2,1,2,6,6,6,5,6,5,4,5,6,6,4,6,15,23,42
"4",4,2,2,3,2,2,3,3,2,5,4,4,6,4,3,5,5,4,5,5,6,19,19,37
"5",5,3,2,2,2,2,2,3,2,3,5,5,4,2,4,4,4,4,3,3,4,18,17,28
"6",6,2,2,2,2,2,2,2,2,5,5,5,6,5,5,5,6,5,5,5,6,16,21,42
"7",7,3,3,2,2,2,2,2,2,6,6,6,6,4,4,5,4,3,3,5,6,18,24,34
"8",8,2,2,3,2,2,3,3,2,6,6,6,6,2,4,4,5,5,2,1,6,19,24,29
"9",9,2,2,2,2,2,2,2,2,4,4,4,4,4,4,4,4,4,4,4,4,16,16,32
"10",10,3,3,3,3,3,3,3,3,6,6,6,6,6,6,6,6,6,6,6,6,24,24,48
"11",11,3,3,3,3,3,3,3,3,6,6,6,6,6,5,6,6,6,6,6,6,24,24,47
"12",12,2,1,2,1,1,2,2,1,5,6,6,6,3,2,3,2,3,2,5,5,12,23,25
"13",13,2,2,2,2,1,1,2,1,5,5,5,5,5,5,5,4,5,5,5,5,13,20,39
"14",14,3,3,3,3,2,3,3,3,6,6,6,6,6,5,6,6,1,5,6,6,23,24,41
"15",15,2,2,2,2,2,2,2,2,6,6,6,6,5,3,5,6,6,3,5,6,16,24,39
"16",16,2,2,1,1,1,1,1,1,2,3,3,3,2,1,3,3,4,2,1,3,10,11,19
"17",17,2,2,2,2,2,2,2,2,4,4,4,4,4,4,4,4,4,4,4,4,16,16,32
"18",18,2,3,2,2,1,1,2,3,6,6,6,6,5,6,6,5,6,5,6,6,16,24,45
"19",19,1,1,1,1,1,1,1,1,3,4,4,3,3,2,3,3,3,2,3,4,8,14,23
"20",20,3,2,3,2,2,2,3,3,5,5,5,5,2,3,5,4,5,4,3,4,20,20,30
"21",21,3,2,2,2,2,2,1,2,6,6,6,6,6,6,5,6,6,6,6,6,16,24,47
"22",22,3,3,2,3,2,2,2,2,6,6,6,6,5,5,5,6,5,6,6,6,19,24,44
"23",23,3,3,3,3,3,3,3,3,6,6,6,6,5,5,4,6,5,3,4,6,24,24,38
"24",24,3,2,2,3,3,2,3,3,6,6,6,6,5,6,5,6,6,5,6,6,21,24,45
"25",25,2,2,3,3,2,2,2,3,6,6,5,4,2,3,4,5,4,0,3,5,19,21,26
"26",26,2,2,2,2,2,2,2,2,6,5,5,5,3,4,5,4,3,4,4,5,16,21,32
"27",27,3,3,3,3,3,3,3,2,5,6,6,6,4,6,6,6,5,4,6,6,23,23,43
"28",28,1,1,3,1,2,2,2,1,6,6,6,6,2,3,5,4,4,3,3,5,13,24,29
"29",29,2,1,1,1,1,1,1,1,4,4,3,2,2,2,2,3,3,2,0,2,9,13,16
"30",30,2,2,2,2,2,2,2,2,5,5,5,5,5,5,5,5,1,5,5,5,16,20,36
"31",31,2,2,2,2,1,1,2,2,5,6,6,6,3,4,6,6,2,3,6,6,14,23,36
"32",32,2,3,3,3,3,3,3,3,5,6,6,5,4,6,6,6,5,3,6,3,23,22,39
"33",33,3,3,3,3,3,3,3,3,6,6,6,6,6,6,6,6,6,6,6,6,24,24,48
"34",34,3,3,3,3,3,3,3,3,6,6,6,6,6,6,6,6,6,6,6,6,24,24,48
"35",35,1,2,1,1,2,2,1,2,4,4,4,4,2,3,4,4,3,2,4,4,12,16,26
"36",36,3,3,3,3,3,1,3,3,3,6,4,6,3,5,4,6,6,4,6,6,22,19,40
"37",37,2,2,2,2,2,2,1,2,6,6,6,6,4,5,6,6,6,4,5,6,15,24,42
"38",38,2,3,2,2,2,2,3,3,5,5,5,5,5,5,5,5,5,5,5,5,19,20,40
"39",39,2,2,1,3,1,2,1,1,4,4,4,4,4,3,4,3,3,4,3,4,13,16,28
"40",40,2,1,2,1,1,1,1,2,3,4,5,3,2,2,3,3,3,2,2,2,11,15,19
"41",41,3,3,3,3,3,3,3,3,6,5,6,6,6,5,6,6,5,6,6,6,24,23,46
"42",42,2,2,2,2,2,2,1,3,6,6,6,6,6,5,6,6,6,5,5,6,16,24,45
"43",43,2,2,2,2,1,1,2,2,3,4,4,3,4,2,3,3,3,3,2,3,14,14,23
"44",44,2,2,2,2,2,3,2,3,6,6,6,5,5,5,6,5,5,2,4,4,18,23,36
"45",45,3,3,3,3,3,3,3,3,6,6,6,6,6,6,6,6,6,6,6,6,24,24,48
"46",46,2,3,3,3,3,3,3,3,6,6,6,6,4,6,5,6,6,4,5,5,23,24,41
"47",47,3,2,3,3,2,3,3,2,5,5,5,5,5,5,4,5,5,5,4,3,21,20,36
"48",48,2,1,1,1,1,1,1,2,6,6,3,3,3,1,1,3,3,1,1,1,10,18,14
"49",49,3,3,3,3,3,3,3,3,6,6,6,6,6,6,6,6,6,6,5,2,24,24,43
"50",50,2,1,3,2,1,1,3,1,2,3,5,3,2,2,1,2,1,2,0,2,14,13,12
"51",51,2,2,2,2,1,1,2,2,4,5,5,5,5,5,5,5,4,5,5,5,14,19,39
"52",52,3,2,2,2,2,2,1,2,6,6,6,6,3,4,4,5,2,2,5,2,16,24,27
"53",53,2,2,2,2,1,1,2,2,4,4,3,4,1,2,2,3,2,2,3,2,14,15,17
"54",54,2,3,2,3,2,2,3,3,6,6,6,6,5,5,5,6,5,6,5,4,20,24,41
"55",55,2,2,2,3,2,2,2,2,6,6,6,6,4,3,3,5,4,4,6,6,17,24,35
"56",56,2,2,1,2,2,2,2,2,3,3,3,3,2,2,3,3,3,3,3,3,15,12,22
"57",57,2,2,1,2,1,1,1,0,5,6,6,6,2,2,6,3,4,1,5,5,10,23,28
"58",58,1,2,1,1,1,1,1,1,5,6,6,6,5,6,5,5,6,5,5,6,9,23,43
"59",59,2,1,1,1,1,1,1,2,4,4,3,3,1,3,2,2,3,4,3,4,10,14,22
"60",60,3,2,3,2,3,2,2,2,5,6,5,6,3,5,4,5,5,4,5,6,19,22,37
"61",61,3,3,2,2,2,3,2,2,5,6,5,5,5,5,5,6,6,6,6,5,19,21,44
"62",62,2,2,1,2,1,2,2,3,4,4,4,4,4,4,4,4,4,4,4,4,15,16,32
"63",63,2,2,2,2,1,2,2,3,6,6,6,6,4,5,5,5,4,5,5,6,16,24,39
"64",64,2,3,2,2,3,2,3,3,6,6,6,6,5,5,6,6,5,6,5,6,20,24,44
"65",65,2,2,2,2,2,2,2,2,4,4,4,4,4,4,4,4,4,4,4,4,16,16,32
"66",66,3,3,3,3,2,3,3,3,6,6,6,6,5,6,6,6,4,4,5,6,23,24,42
"67",67,3,3,3,3,3,3,3,3,6,6,6,6,6,6,6,6,6,6,6,5,24,24,47
"68",68,2,1,3,1,0,1,3,1,4,4,4,3,2,3,2,3,3,3,2,3,12,15,21
"69",69,3,2,2,3,2,2,2,2,6,6,6,6,5,6,5,6,6,5,5,6,18,24,44
"70",70,2,2,2,2,2,2,1,2,6,6,6,6,4,4,4,5,4,5,5,6,15,24,37
"71",71,2,2,2,2,2,2,2,2,5,5,5,6,3,4,6,6,6,4,6,6,16,21,41
"72",72,3,3,2,2,3,2,3,3,6,6,5,6,5,5,5,6,6,6,5,5,21,23,43
"73",73,3,2,3,3,3,3,3,3,6,6,6,6,5,6,5,5,6,2,5,6,23,24,40
"74",74,3,3,3,2,2,3,3,3,6,6,6,6,5,6,6,5,5,5,6,6,22,24,44
"75",75,2,2,2,2,2,2,2,2,6,6,6,6,3,6,5,5,3,2,3,3,16,24,30
"76",76,3,2,2,2,3,3,2,3,6,6,6,5,3,5,3,6,5,5,4,6,20,23,37
"77",77,3,2,2,2,2,1,2,3,4,5,6,6,3,4,3,4,4,3,3,6,17,21,30
"78",78,3,3,3,3,3,3,3,3,6,6,6,5,5,5,6,6,5,4,4,5,24,23,40
"79",79,2,2,2,2,2,2,2,2,6,6,6,6,4,4,4,6,6,4,4,6,16,24,38
"80",80,2,2,1,2,3,2,2,3,5,5,5,6,3,5,3,5,5,2,3,6,17,21,32
"81",81,2,2,2,2,1,1,2,2,6,6,6,6,2,5,5,3,4,3,6,6,14,24,34
"82",82,3,3,3,3,3,3,3,3,5,6,6,5,5,5,6,5,5,5,6,5,24,22,42
"83",83,3,2,2,2,3,2,3,3,5,5,5,5,5,5,5,5,5,5,5,5,20,20,40
"84",84,2,1,3,2,2,2,3,2,6,6,6,6,0,2,3,6,4,2,1,5,17,24,23
"85",85,1,1,2,1,2,2,2,2,3,2,2,2,2,3,2,2,2,2,3,2,13,9,18
"86",86,3,3,3,3,3,3,3,3,6,6,6,6,6,6,6,6,6,1,6,6,24,24,43
"87",87,3,1,1,3,3,1,1,3,4,6,6,6,4,6,6,5,4,2,6,6,16,22,39
"88",88,2,2,2,2,3,2,3,3,6,5,6,6,3,4,6,6,2,3,4,6,19,23,34
"89",89,2,2,3,2,3,2,3,3,4,4,4,4,3,4,4,3,2,3,3,4,20,16,26
"90",90,1,2,3,2,2,2,3,3,5,6,6,4,4,3,3,5,4,3,3,5,18,21,30
"91",91,3,3,3,3,3,3,3,3,5,5,5,5,5,5,5,5,5,5,5,5,24,20,40
"92",92,3,3,2,3,2,3,3,3,6,6,6,6,6,3,6,6,5,4,5,6,22,24,41
"93",93,3,3,1,2,2,1,1,2,4,4,4,4,4,4,3,6,4,4,4,4,15,16,33
"94",94,2,2,2,2,2,2,2,2,6,6,4,6,3,3,5,4,1,4,5,4,16,22,29
"95",95,2,2,2,2,1,2,1,1,4,5,5,4,4,4,4,3,5,5,3,6,13,18,34
"96",96,3,3,3,3,3,3,3,3,6,5,5,6,1,3,2,5,2,1,5,4,24,22,23
"97",97,2,3,3,2,2,2,3,2,6,6,6,6,4,3,4,6,2,3,5,4,19,24,31
"98",98,1,1,1,1,1,1,1,1,6,6,6,6,6,6,6,6,6,6,6,6,8,24,48
"99",99,3,3,3,3,3,3,3,3,6,6,6,6,6,6,6,6,6,6,6,6,24,24,48
"100",100,3,3,3,3,3,3,2,3,6,6,6,6,5,5,5,6,5,4,5,5,23,24,40
"101",101,3,3,3,3,3,3,3,3,6,6,6,6,5,6,6,6,6,3,6,6,24,24,44
"102",102,2,2,2,2,1,2,2,2,5,6,6,6,5,1,5,5,0,5,3,5,15,23,29
"103",103,3,3,2,2,2,2,2,3,6,6,6,6,4,4,5,6,5,2,6,5,19,24,37
"104",104,3,3,3,3,3,3,3,3,6,6,6,6,5,6,6,6,5,5,6,6,24,24,45
"105",105,3,3,3,3,2,2,2,2,5,6,6,6,5,6,6,5,5,5,6,6,20,23,44
"106",106,3,3,3,3,3,3,3,3,6,6,6,6,6,6,6,6,6,6,6,6,24,24,48
"107",107,2,2,2,2,2,2,2,2,4,4,4,4,4,4,4,3,4,4,4,4,16,16,31
"108",108,3,3,2,2,2,2,2,3,6,6,6,0,2,5,5,6,4,6,3,6,19,18,37
"109",109,3,3,3,3,3,3,3,3,5,5,5,5,5,4,5,5,5,4,5,5,24,20,38
"110",110,2,2,2,2,2,2,2,2,5,6,6,6,4,6,5,4,4,5,5,6,16,23,39
"111",111,2,3,3,3,3,3,3,3,6,6,6,6,5,6,5,5,6,5,5,6,23,24,43
"112",112,3,2,1,3,2,2,1,1,6,6,6,6,6,6,6,6,2,6,4,6,15,24,42
"113",113,3,2,2,3,3,3,2,3,6,6,6,6,5,6,6,5,5,6,4,6,21,24,43
"114",114,2,2,2,2,2,2,2,2,6,6,6,6,6,6,6,5,5,6,6,6,16,24,46
"115",115,3,3,2,3,3,3,3,3,6,6,6,6,6,6,6,6,5,0,6,6,23,24,41
"116",116,3,3,3,3,3,3,3,3,6,6,6,6,4,6,6,5,5,4,5,6,24,24,41
"117",117,2,2,2,2,2,2,3,3,6,6,6,6,5,5,4,6,5,5,5,6,18,24,41
"118",118,2,1,1,2,1,1,2,2,3,5,5,5,3,3,3,5,5,3,3,3,12,18,28
"119",119,3,3,3,3,3,3,3,3,6,6,6,6,6,6,6,6,6,6,6,6,24,24,48
"120",120,2,3,3,3,3,3,3,3,6,6,6,6,5,6,6,5,6,5,6,6,23,24,45
"121",121,3,3,3,3,3,3,3,3,6,6,6,6,5,5,5,6,6,6,5,6,24,24,44
"122",122,3,3,3,3,3,3,3,3,6,5,5,5,5,6,5,5,4,5,5,5,24,21,40
"123",123,2,2,1,2,2,2,2,2,5,6,6,5,3,4,5,5,5,5,5,5,15,22,37
"124",124,3,3,2,3,2,2,3,3,6,6,6,6,6,6,6,6,0,6,6,5,21,24,41
"125",125,2,2,2,2,2,2,2,2,5,4,5,5,3,3,5,5,5,4,4,5,16,19,34
"126",126,3,3,3,3,2,3,2,3,6,6,6,6,5,4,3,6,5,5,6,6,22,24,40
"127",127,2,1,0,1,1,0,1,2,5,5,5,3,1,2,4,2,3,3,4,3,8,18,22
"128",128,3,2,1,2,2,2,3,3,6,6,6,6,5,5,5,6,5,5,4,5,18,24,40
"129",129,0,0,0,0,0,0,0,0,0,0,0,0,1,1,0,1,1,1,0,0,0,0,5
"130",130,3,3,2,3,2,3,3,3,6,5,4,6,5,6,6,3,6,1,5,6,22,21,38
"131",131,2,2,2,2,2,2,2,2,4,2,2,2,3,1,2,3,2,2,2,1,16,10,16
"132",132,3,3,1,2,3,1,2,3,6,6,6,4,3,5,4,4,4,3,4,6,18,22,33
"133",133,1,1,1,1,1,1,1,1,6,6,6,6,5,3,5,6,5,5,5,5,8,24,39
"134",134,2,2,2,2,2,2,2,2,4,4,4,4,2,4,4,4,1,1,4,4,16,16,24
"135",135,2,2,2,2,2,2,2,2,5,5,5,5,5,5,5,5,5,5,5,5,16,20,40
"136",136,2,2,2,2,2,2,3,2,6,6,2,6,2,6,2,6,4,2,3,6,17,20,31
"137",137,2,3,3,1,1,3,3,3,6,6,3,5,3,2,5,5,5,5,3,3,19,20,31
"138",138,3,2,1,2,2,2,2,2,5,6,6,6,3,4,3,5,4,4,5,3,16,23,31
"139",139,2,2,2,2,1,2,1,2,6,6,5,6,3,6,6,6,1,2,6,6,14,23,36
"140",140,3,3,3,3,3,3,3,3,6,6,6,6,3,5,6,6,4,3,4,5,24,24,36
"141",141,2,2,2,2,2,2,2,2,6,6,6,6,6,6,6,6,6,1,6,6,16,24,43
"142",142,2,2,3,3,3,2,3,3,6,6,6,6,5,5,5,5,6,6,6,6,21,24,44
"143",143,2,1,1,2,2,2,1,2,3,5,5,5,3,2,3,2,2,1,4,6,13,18,23
"144",144,3,3,3,3,3,3,3,3,6,5,5,5,6,6,5,5,3,6,5,5,24,21,41
"145",145,1,1,1,1,1,1,1,1,3,3,3,5,3,4,3,3,4,3,5,5,8,14,30
"146",146,3,3,3,3,3,3,2,3,6,6,6,6,6,6,5,6,5,6,6,6,23,24,46
"147",147,2,1,2,1,1,1,2,1,5,6,6,4,5,4,4,3,4,4,4,4,11,21,32
"148",148,2,2,2,2,2,2,2,2,4,4,4,6,4,4,4,4,4,4,3,3,16,18,30
"149",149,3,3,3,3,3,3,3,2,6,6,6,6,5,6,6,6,5,3,6,6,23,24,43
"150",150,3,3,3,3,3,3,3,3,6,6,6,6,3,6,6,6,5,4,5,5,24,24,40
"151",151,2,2,1,2,2,2,1,2,6,5,6,5,5,2,5,6,5,5,4,5,14,22,37
"152",152,2,2,2,2,2,2,2,2,6,6,6,6,5,5,6,6,5,2,5,5,16,24,39
"153",153,2,1,1,1,1,1,2,2,6,5,6,6,3,4,4,4,5,4,2,6,11,23,32
"154",154,1,1,2,1,1,1,2,2,5,6,5,6,2,6,5,3,4,3,3,6,11,22,32
"155",155,1,1,1,1,1,1,2,2,5,6,6,4,3,3,3,3,1,3,3,4,10,21,23
"156",156,3,0,2,3,2,2,3,3,6,6,6,6,3,6,2,6,6,3,2,6,18,24,34
"157",157,3,3,3,3,3,2,3,3,2,2,2,6,6,3,5,6,6,5,6,5,23,12,42
"158",158,2,2,2,2,2,2,2,2,4,4,4,4,4,4,4,4,4,4,4,4,16,16,32
"159",159,2,2,2,2,2,2,2,2,5,5,5,5,5,5,5,5,5,5,5,5,16,20,40
"160",160,2,2,2,1,2,2,2,2,5,5,4,5,4,4,4,4,4,4,4,4,15,19,32
"161",161,2,2,3,3,2,2,2,1,5,4,6,5,2,3,3,4,3,3,2,3,17,20,23
"162",162,3,3,3,3,3,3,3,3,6,6,6,6,3,2,6,6,6,2,4,5,24,24,34
"163",163,2,2,2,2,2,2,2,2,4,4,4,4,3,3,3,4,3,3,3,3,16,16,25
"164",164,2,1,2,1,1,1,1,1,3,3,3,3,4,5,3,3,3,3,3,3,10,12,27
"165",165,2,2,3,3,3,3,3,3,6,6,6,6,5,5,5,6,5,6,6,6,22,24,44
"166",166,1,1,2,1,1,2,2,2,4,4,5,5,2,2,2,4,3,4,3,3,12,18,23
"167",167,2,1,1,2,1,1,1,2,4,2,2,3,3,2,1,1,0,2,0,2,11,11,11
"168",168,2,2,2,2,2,2,2,2,4,4,4,4,3,3,4,4,4,3,4,4,16,16,29
"169",169,3,2,2,2,2,2,2,3,6,6,6,6,5,4,5,6,5,4,5,6,18,24,40
"170",170,3,3,2,3,3,3,3,2,6,6,6,6,4,5,5,6,2,5,4,5,22,24,36
"171",171,3,3,2,3,3,3,2,3,6,6,5,6,5,6,5,6,5,6,6,6,22,23,45
"172",172,2,3,3,3,3,3,3,3,6,6,6,6,5,4,6,5,6,5,5,6,23,24,42
"173",173,2,2,2,2,2,2,2,2,6,6,6,5,3,3,3,3,1,4,2,5,16,23,24
"174",174,2,2,2,2,2,1,3,1,3,4,4,4,3,2,4,5,5,4,6,6,15,15,35
"175",175,2,2,1,2,2,2,0,3,4,6,6,6,2,4,6,3,2,2,6,6,14,22,31
"176",176,3,2,1,2,1,2,1,1,6,6,6,6,5,5,5,5,5,5,5,5,13,24,40
"177",177,2,3,2,2,2,1,3,2,6,6,6,6,4,4,6,6,5,4,6,5,17,24,40
"178",178,2,2,2,2,1,2,2,2,5,5,6,5,3,5,3,4,4,3,4,4,15,21,30
"179",179,3,1,2,2,3,2,3,3,6,6,6,6,2,2,3,5,3,2,3,6,19,24,26
"180",180,3,3,2,2,2,2,2,2,6,6,6,6,5,6,6,5,5,5,6,6,18,24,44
"181",181,2,3,2,2,2,2,2,2,5,5,5,5,5,5,5,5,5,5,5,5,17,20,40
"182",182,3,2,2,2,3,3,3,3,6,6,5,6,4,2,2,5,5,3,3,5,21,23,29
"183",183,3,2,3,3,2,2,3,3,6,5,6,6,5,5,4,5,4,4,5,6,21,23,38
"184",184,2,2,1,1,1,2,0,2,4,4,4,4,4,4,4,4,4,4,4,4,11,16,32
"185",185,3,3,3,3,3,3,3,3,6,6,6,6,4,5,6,5,5,2,5,6,24,24,38
"186",186,3,3,3,3,3,3,3,3,5,5,5,5,5,5,5,3,5,2,5,5,24,20,35
"187",187,1,1,1,1,1,1,1,2,3,5,4,5,3,1,2,3,3,1,5,5,9,17,23
"188",188,3,2,3,3,3,3,3,3,5,6,3,6,3,5,6,5,4,3,6,6,23,20,38
"189",189,2,2,2,2,1,2,2,1,4,6,4,6,3,3,4,4,2,2,3,6,14,20,27
"190",190,2,2,2,2,3,2,2,3,5,6,5,5,2,4,3,5,2,2,2,4,18,21,24
"191",191,3,3,3,3,3,3,3,3,6,6,6,6,6,6,6,6,6,6,6,6,24,24,48
"192",192,3,3,3,3,2,3,3,3,6,6,6,6,5,4,5,6,3,5,4,5,23,24,37
"193",193,2,2,2,3,3,3,2,2,6,6,5,6,6,6,6,6,6,5,5,5,19,23,45
"194",194,2,1,2,2,2,1,2,2,1,1,1,1,2,3,2,2,3,2,0,3,14,4,17
"195",195,2,2,1,1,2,2,1,1,4,6,6,6,3,4,6,4,3,3,6,6,12,22,35
"196",196,2,1,1,1,1,1,1,1,4,5,6,6,3,3,4,4,5,3,6,6,9,21,34
"197",197,2,1,2,2,1,2,3,3,4,3,3,3,3,3,3,3,5,2,2,3,16,13,24
"198",198,3,3,3,3,3,3,3,3,6,6,6,6,6,6,6,6,6,5,6,6,24,24,47
"199",199,3,2,3,3,3,2,3,3,6,6,6,6,4,3,4,6,5,3,2,5,22,24,32
"200",200,3,2,3,3,2,3,3,3,6,6,6,5,5,6,4,5,0,3,2,5,22,23,30
"201",201,3,1,1,1,1,1,1,2,6,6,6,6,6,6,4,3,6,6,4,6,11,24,41
"202",202,3,2,2,2,2,2,2,3,6,6,6,6,4,5,5,5,5,5,4,6,18,24,39
"203",203,2,1,1,1,1,1,1,1,3,3,3,3,3,3,3,3,3,3,3,3,9,12,24
"204",204,3,3,3,3,3,3,3,3,5,5,5,5,5,5,5,5,5,5,5,5,24,20,40
"205",205,3,3,3,3,1,2,3,3,6,6,6,6,6,4,5,6,5,6,5,5,21,24,42
"206",206,2,2,2,2,2,2,2,2,4,6,6,6,3,4,5,4,3,4,5,6,16,22,34
"207",207,3,3,3,3,3,3,3,3,6,6,6,6,5,5,6,6,6,6,5,6,24,24,45
"208",208,3,3,1,3,3,3,1,2,6,6,6,6,6,4,6,6,6,6,6,5,19,24,45
"209",209,2,1,1,2,1,1,2,2,3,6,5,4,1,3,3,3,3,2,2,2,12,18,19
"210",210,2,2,2,2,2,2,2,1,5,5,5,5,4,3,4,3,4,3,5,6,15,20,32
"211",211,2,2,1,2,2,2,1,2,6,6,6,5,5,5,3,5,6,6,2,6,14,23,38
"212",212,2,1,3,2,1,1,2,2,5,5,5,4,2,4,4,5,3,2,3,3,14,19,26
"213",213,2,1,2,2,2,2,1,2,4,5,5,5,2,4,3,4,4,4,4,5,14,19,30
"214",214,1,1,1,1,1,1,2,3,0,1,0,0,2,0,0,1,0,2,6,0,11,1,11
"215",215,0,0,0,0,1,1,1,1,4,4,4,4,4,2,4,4,4,4,4,5,4,16,31
"216",216,3,2,1,2,2,2,2,2,5,6,5,5,4,5,6,5,5,4,6,6,16,21,41
"217",217,2,2,2,2,1,2,1,2,6,6,5,5,1,3,5,5,5,1,5,5,14,22,30
"218",218,3,3,3,3,3,3,3,3,6,6,6,3,2,6,6,6,3,4,6,3,24,21,36
"219",219,2,2,2,2,3,2,2,1,5,6,6,5,4,4,5,4,4,6,4,5,16,22,36
"220",220,2,2,2,2,2,2,2,2,4,4,3,4,3,2,4,3,3,3,3,3,16,15,24
"221",221,3,3,3,3,3,3,2,3,6,6,6,6,5,5,6,6,6,5,5,4,23,24,42
"222",222,2,3,3,3,3,3,3,3,6,6,6,6,4,5,5,5,4,5,4,6,23,24,38
"223",223,3,3,1,1,1,1,1,1,6,6,6,6,3,6,6,5,5,3,3,6,12,24,37
"224",224,2,2,2,2,2,2,2,2,5,5,5,5,4,5,5,5,5,4,5,5,16,20,38
"225",225,2,2,2,2,2,2,1,2,6,6,6,6,1,4,6,5,2,6,5,6,15,24,35
"226",226,3,3,3,3,2,2,2,2,6,6,6,6,3,6,6,6,6,3,3,6,20,24,39
"227",227,3,3,3,3,3,3,3,3,6,6,6,6,6,4,5,6,2,3,6,5,24,24,37
"228",228,2,2,3,3,3,3,3,3,5,6,6,6,2,3,5,6,5,2,4,2,22,23,29
"229",229,2,2,1,2,2,2,1,2,4,4,4,4,3,3,3,3,4,3,3,4,14,16,26
"230",230,2,2,1,2,2,2,2,3,5,6,6,6,4,4,4,5,3,4,4,5,16,23,33
"231",231,3,3,1,3,1,3,3,3,6,6,6,6,3,6,5,6,6,1,6,5,20,24,38
"232",232,2,1,1,2,1,1,1,1,4,6,4,4,4,2,2,3,3,3,1,3,10,18,21
"233",233,3,3,3,3,3,3,3,3,6,6,6,6,6,6,6,6,6,6,6,6,24,24,48
"234",234,3,3,3,3,3,3,3,2,6,6,5,5,2,5,6,5,3,0,2,5,23,22,28
"235",235,3,3,2,3,2,3,2,3,5,5,5,5,4,4,5,5,4,4,4,5,21,20,35
"236",236,3,3,3,3,3,3,3,3,6,6,6,6,6,6,6,6,6,6,6,6,24,24,48
"237",237,1,2,1,2,1,1,1,1,4,6,6,6,4,4,3,5,5,4,4,4,10,22,33
"238",238,2,2,1,1,1,1,1,2,6,6,6,5,3,3,4,4,4,3,5,5,11,23,31
"239",239,2,2,2,2,2,2,2,1,2,2,2,2,2,3,3,3,2,3,2,3,15,8,21
"240",240,3,3,3,3,3,3,3,3,6,6,6,6,2,4,3,4,2,2,3,6,24,24,26
"241",241,3,3,3,3,3,3,3,3,6,6,6,6,4,6,6,6,6,5,2,6,24,24,41
"242",242,2,2,3,2,2,3,3,3,4,6,5,4,3,3,3,5,4,3,3,3,20,19,27
"243",243,3,3,2,2,2,2,2,3,6,6,6,6,5,4,5,5,5,5,6,6,19,24,41
"244",244,2,2,2,2,2,2,2,2,5,6,6,6,4,4,6,4,4,3,3,5,16,23,33
"245",245,3,3,3,3,3,3,3,3,6,6,6,6,5,6,6,6,6,6,6,6,24,24,47
"246",246,3,3,2,3,3,3,3,3,6,6,6,6,4,4,6,6,6,4,6,4,23,24,40
"247",247,3,3,3,3,3,3,3,3,6,6,6,6,6,6,6,6,6,6,6,6,24,24,48
"248",248,1,1,1,1,1,1,1,3,4,6,6,6,4,2,5,3,5,3,4,6,10,22,32
"249",249,3,3,2,3,3,3,3,3,6,6,6,6,6,5,5,5,5,5,5,6,23,24,42
"250",250,2,2,2,2,2,2,2,2,4,4,5,5,3,4,4,4,3,3,4,4,16,18,29
"251",251,2,2,3,2,2,2,3,2,5,6,6,5,4,5,4,5,4,4,3,4,18,22,33
"252",252,1,1,2,2,1,1,1,1,3,2,2,2,2,2,2,2,2,2,2,2,10,9,16
"253",253,2,1,2,1,1,1,1,1,3,4,3,5,4,3,4,3,3,2,5,5,10,15,29
"254",254,3,3,3,3,1,3,1,2,6,6,6,6,2,6,5,3,3,3,3,3,19,24,28
"255",255,2,2,1,2,1,1,3,2,6,6,6,6,3,5,3,6,2,2,3,5,14,24,29
"256",256,3,2,3,2,2,3,3,3,6,6,6,6,5,4,5,5,5,5,5,6,21,24,40
"257",257,3,3,2,2,3,3,3,3,6,6,6,6,6,6,4,6,5,4,6,6,22,24,43
"258",258,3,3,3,3,3,3,3,3,6,6,6,6,6,5,6,6,5,6,6,6,24,24,46
"259",259,2,3,2,3,2,2,2,2,3,4,4,3,3,4,3,4,4,3,3,4,18,14,28
"260",260,1,1,1,1,2,1,2,3,3,6,6,4,3,4,5,2,3,3,4,4,12,19,28
"261",261,2,2,1,2,2,1,1,3,4,4,5,6,5,3,3,5,5,5,6,6,14,19,38
"262",262,2,1,1,1,1,1,1,1,2,2,2,2,2,2,2,2,2,3,2,2,9,8,17
"263",263,3,2,2,2,3,3,2,3,1,3,4,5,4,3,5,5,5,3,5,3,20,13,33
"264",264,3,3,3,3,3,3,3,3,5,5,5,5,3,3,5,5,4,4,3,3,24,20,30
"265",265,3,3,3,3,3,3,3,3,6,6,6,6,6,6,6,6,6,6,6,6,24,24,48
"266",266,2,2,2,2,2,2,2,2,5,5,5,6,3,4,5,5,4,3,4,5,16,21,33
"267",267,1,1,0,1,1,2,1,2,5,5,6,4,4,2,3,4,4,3,2,5,9,20,27
"268",268,3,3,3,3,3,3,3,3,6,6,6,6,6,6,6,6,6,1,3,6,24,24,40
"269",269,3,2,3,3,2,3,3,2,6,6,6,6,5,4,4,3,3,2,3,6,21,24,30
"270",270,3,3,3,3,3,3,3,3,6,6,6,6,6,6,6,6,6,6,6,6,24,24,48
"271",271,1,1,2,2,1,1,3,1,4,5,3,6,4,2,0,4,0,3,3,0,12,18,16
"272",272,3,3,3,3,2,2,2,2,6,6,6,6,4,5,6,6,6,5,6,6,20,24,44
"273",273,2,3,2,2,2,2,3,3,6,5,6,4,2,5,5,5,4,3,4,4,19,21,32
"274",274,3,3,3,3,3,3,3,3,3,3,5,6,2,5,6,6,6,1,5,3,24,17,34
"275",275,2,1,2,1,1,1,1,2,5,5,5,5,4,3,4,4,4,5,5,6,11,20,35
"276",276,2,2,2,2,2,2,2,2,5,5,5,5,5,3,3,5,5,3,5,5,16,20,34
"277",277,2,0,0,1,1,0,0,0,6,5,6,2,1,6,2,3,1,1,2,2,4,19,18
"278",278,2,1,2,2,2,2,2,2,6,6,6,6,6,4,3,6,5,5,4,4,15,24,37
"279",279,3,2,3,2,3,3,2,3,6,6,6,6,5,3,5,6,5,2,3,6,21,24,35
"280",280,1,1,2,2,1,2,3,1,5,6,6,5,2,3,5,4,4,2,2,5,13,22,27
"281",281,3,3,3,3,3,3,3,3,6,6,5,6,5,5,6,5,4,3,5,4,24,23,37
"282",282,3,2,1,3,3,2,3,2,6,5,6,6,2,3,5,4,4,2,5,5,19,23,30
"283",283,2,1,1,1,1,1,2,1,2,1,2,2,3,2,2,3,2,2,1,1,10,7,16
"284",284,3,1,3,1,1,1,3,1,6,6,6,6,4,6,3,5,6,5,6,3,14,24,38
"285",285,3,3,2,3,3,3,3,3,6,6,6,6,6,6,6,6,5,6,6,6,23,24,47
"286",286,3,3,3,3,2,3,3,2,4,5,4,6,5,4,6,6,4,3,6,6,22,19,40
"287",287,2,2,2,2,2,2,2,2,4,5,6,6,2,2,3,6,5,3,2,6,16,21,29
"288",288,3,3,3,3,3,3,3,3,6,6,6,6,3,5,6,5,2,4,5,6,24,24,36
"289",289,1,1,1,1,1,1,2,2,5,5,5,3,2,3,2,3,3,2,2,3,10,18,20
"290",290,3,3,2,3,2,2,3,3,6,6,6,6,2,6,6,6,6,6,5,6,21,24,43
"291",291,3,3,3,3,3,3,3,2,6,6,6,6,4,5,5,6,5,5,6,5,23,24,41
"292",292,2,3,2,2,1,1,2,1,6,5,5,5,6,6,5,5,5,5,6,6,14,21,44
"293",293,3,3,3,3,3,3,3,3,6,6,6,6,5,6,6,6,6,6,6,6,24,24,47
"294",294,2,1,1,2,1,1,1,3,6,5,5,6,5,5,5,5,5,5,4,6,12,22,40
"295",295,3,3,2,2,2,2,2,3,6,6,6,6,2,4,5,5,5,3,5,5,19,24,34
"296",296,2,2,2,2,1,1,3,2,5,5,5,6,5,5,5,6,6,5,6,6,15,21,44
"297",297,2,2,2,2,2,2,2,2,4,4,4,5,4,4,4,4,4,4,4,4,16,17,32
"298",298,1,0,0,1,1,1,1,0,3,6,5,3,1,0,1,1,2,2,1,2,5,17,10
"299",299,2,2,2,2,2,2,2,2,6,6,6,4,3,6,5,6,6,3,3,6,16,22,38
"300",300,3,3,3,3,3,3,3,3,6,6,6,6,4,6,6,6,6,4,6,6,24,24,44
"301",301,2,2,1,2,2,2,1,2,6,6,6,6,2,4,4,3,3,1,3,5,14,24,25
"302",302,3,3,3,3,3,3,2,3,6,6,6,6,6,5,6,6,6,5,6,6,23,24,46
"303",303,2,2,3,2,2,2,3,3,5,6,4,6,3,3,5,4,5,4,4,6,19,21,34
"304",304,3,3,3,3,3,3,3,3,6,6,6,6,6,6,5,6,5,5,5,6,24,24,44
"305",305,3,3,2,3,3,3,3,3,5,5,5,5,5,6,5,6,6,6,6,6,23,20,46
"306",306,3,2,3,3,2,2,3,3,5,5,5,6,3,5,5,5,6,3,6,6,21,21,39
"307",307,3,3,3,3,2,3,3,2,5,5,5,6,5,5,6,6,5,4,5,6,22,21,42
"308",308,2,1,1,2,2,2,3,3,4,5,5,5,2,4,4,4,4,3,4,5,16,19,30
"309",309,3,3,3,3,3,3,3,3,6,6,6,6,3,3,6,6,5,3,6,5,24,24,37
"310",310,1,2,2,2,2,3,2,2,5,6,6,6,2,4,4,4,4,3,5,5,16,23,31
"311",311,3,3,3,3,3,3,3,3,6,6,6,6,5,4,6,5,5,5,5,6,24,24,41
"312",312,3,3,3,3,3,3,3,3,6,6,6,6,6,5,6,6,6,6,3,6,24,24,44
"313",313,2,2,2,2,2,2,2,2,5,6,5,6,4,5,5,5,1,2,5,6,16,22,33
"314",314,2,2,3,3,3,3,3,2,5,6,6,6,5,5,5,5,5,5,5,6,21,23,41
"315",315,2,2,3,2,2,2,3,3,6,6,6,6,4,5,5,6,5,4,4,6,19,24,39
"316",316,2,2,1,2,1,1,1,1,4,5,5,5,5,4,4,4,4,2,3,4,11,19,30
"317",317,2,3,3,3,3,3,3,3,6,6,6,6,5,6,6,6,6,5,6,6,23,24,46
"318",318,2,2,1,2,2,2,2,2,6,6,6,5,2,4,4,5,3,3,4,5,15,23,30
"319",319,2,1,1,2,2,2,2,2,3,4,5,5,2,2,5,2,3,2,5,5,14,17,26
"320",320,3,3,3,3,3,3,3,2,6,6,6,6,5,3,6,6,5,3,5,6,23,24,39
"321",321,2,2,2,2,1,1,2,1,5,5,5,5,5,5,5,5,5,4,5,5,13,20,39
"322",322,1,1,0,2,2,1,1,1,4,6,6,6,3,6,4,4,3,2,3,6,9,22,31
"323",323,3,2,2,2,2,2,2,2,6,6,6,6,6,6,6,5,0,3,3,6,17,24,35
"324",324,2,2,2,2,2,2,2,2,6,6,5,6,5,5,5,6,5,5,5,5,16,23,41
"325",325,2,2,2,2,3,3,2,2,6,6,6,4,3,4,4,5,4,3,3,4,18,22,30
"326",326,2,1,3,2,1,1,1,0,6,6,6,5,3,3,2,4,2,0,3,5,11,23,22
"327",327,3,3,3,3,3,3,3,3,6,6,6,6,6,6,6,6,5,6,6,6,24,24,47
"328",328,2,2,2,2,2,2,2,2,6,6,5,6,3,6,4,4,4,3,2,4,16,23,30
"329",329,2,1,3,2,3,1,2,2,6,6,6,6,1,3,4,5,2,3,4,6,16,24,28
"330",330,2,2,3,3,3,3,3,3,6,6,5,6,5,6,6,5,5,5,5,6,22,23,43
"331",331,1,1,1,1,1,1,1,1,3,3,3,3,3,3,3,3,2,3,3,3,8,12,23
"332",332,2,2,2,2,1,2,2,1,5,5,5,5,3,4,4,4,3,3,4,6,14,20,31
"333",333,1,1,2,1,0,1,2,1,3,4,3,4,5,1,3,3,5,6,3,5,9,14,31
"334",334,2,2,2,2,1,2,2,1,6,6,4,6,1,2,1,2,0,2,0,4,14,22,12
"335",335,3,3,2,3,2,3,3,3,6,6,6,5,3,4,5,5,4,1,4,5,22,23,31
"336",336,2,2,2,2,2,2,2,2,5,5,5,5,4,5,3,4,4,3,3,5,16,20,31
"337",337,1,1,1,1,1,0,2,1,4,5,5,3,2,4,4,4,3,2,1,3,8,17,23
"338",338,3,3,3,3,2,3,3,3,6,6,6,6,4,6,5,6,6,6,6,6,23,24,45
"339",339,3,3,2,2,2,2,2,2,6,6,5,5,5,5,4,4,5,3,5,6,18,22,37
"340",340,2,3,3,2,2,3,3,3,6,6,6,5,4,5,6,6,6,6,6,5,21,23,44
"341",341,2,1,2,2,1,2,2,1,4,4,4,4,2,4,4,3,4,3,4,3,13,16,27
"342",342,2,1,2,1,2,2,3,2,4,3,4,4,1,3,4,4,2,3,2,3,15,15,22
"343",343,1,2,2,2,2,2,1,2,5,6,5,5,5,4,4,5,2,0,3,5,14,21,28
"344",344,1,1,3,2,2,2,3,2,2,6,2,6,1,0,1,3,4,1,1,6,16,16,17
"345",345,2,1,3,2,2,2,2,2,5,5,5,5,3,4,4,4,3,4,3,5,16,20,30
"346",346,3,3,3,3,2,3,3,3,6,6,6,6,5,6,6,6,5,5,6,5,23,24,44
"347",347,3,2,3,3,3,2,3,3,6,6,6,6,5,5,6,6,5,5,6,6,22,24,44
"348",348,2,2,3,2,2,2,3,2,5,6,5,5,5,5,5,5,3,2,5,5,18,21,35
"349",349,2,2,3,3,3,2,3,3,6,6,6,6,2,2,3,6,4,3,5,6,21,24,31
"350",350,2,3,3,2,2,2,3,2,5,6,5,5,5,6,5,6,3,5,3,6,19,21,39
"351",351,2,1,1,1,1,1,2,2,5,6,6,6,4,5,4,6,6,1,5,4,11,23,35
"352",352,2,2,3,2,2,2,2,3,5,5,5,5,2,4,5,5,5,4,4,3,18,20,32
"353",353,1,1,1,1,1,2,2,2,4,6,6,6,4,6,4,5,6,5,4,6,11,22,40
"354",354,2,2,1,2,2,2,2,3,4,6,5,4,4,3,5,5,5,1,2,6,16,19,31
"355",355,3,2,1,2,2,2,2,3,5,6,6,5,4,5,5,6,5,5,5,6,17,22,41
"356",356,3,0,0,2,0,0,0,0,5,5,5,5,5,5,1,5,5,5,1,1,5,20,28
"357",357,2,2,1,2,2,2,3,2,6,6,5,5,4,3,3,4,4,3,3,3,16,22,27
"358",358,2,2,2,3,2,2,3,2,5,6,6,6,3,3,4,3,4,1,5,5,18,23,28
"359",359,3,3,3,3,2,3,3,3,5,6,6,6,4,5,5,6,5,3,6,5,23,23,39
"360",360,2,2,2,2,2,2,2,2,6,6,6,5,3,5,5,4,4,4,4,5,16,23,34
"361",361,3,1,1,1,1,1,0,1,3,4,5,6,4,5,5,5,5,5,6,6,9,18,41
"362",362,2,1,2,1,1,1,3,1,6,6,6,6,5,6,5,3,5,1,5,6,12,24,36
"363",363,3,3,3,3,3,3,3,3,6,6,6,6,6,6,6,6,6,6,6,6,24,24,48
"364",364,2,2,2,2,1,1,3,2,6,6,6,6,5,5,5,5,2,3,5,5,15,24,35
"365",365,2,2,1,1,1,1,1,2,6,6,6,6,5,5,5,5,2,4,5,5,11,24,36
"366",366,2,2,2,2,2,2,1,2,4,4,4,4,4,4,4,4,4,4,4,4,15,16,32
"367",367,1,2,2,1,1,1,2,2,2,3,2,3,0,2,2,4,3,3,1,5,12,10,20
"368",368,3,1,3,1,1,1,3,3,6,6,6,6,6,6,6,6,6,6,6,6,16,24,48
"369",369,3,2,2,2,2,2,2,2,4,4,3,4,3,3,4,4,3,2,5,4,17,15,28
"370",370,2,2,3,2,2,3,3,3,6,6,6,6,4,5,5,5,5,5,5,5,20,24,39
"371",371,2,2,3,3,2,2,2,2,3,5,5,6,6,6,5,6,2,6,5,6,18,19,42
"372",372,2,2,2,2,2,2,2,2,6,6,6,6,6,6,6,6,6,6,6,6,16,24,48
"373",373,2,2,2,2,1,1,2,2,3,3,3,3,2,3,3,3,2,2,2,3,14,12,20
"374",374,2,1,1,1,1,1,2,1,5,6,6,6,4,5,4,4,2,3,4,6,10,23,32
"375",375,1,2,1,1,2,2,1,2,3,3,3,3,3,3,3,3,3,3,3,3,12,12,24
"376",376,3,3,3,3,3,3,3,3,6,6,6,6,5,6,6,6,5,5,6,6,24,24,45
"377",377,3,2,3,2,3,3,2,3,6,6,5,6,5,6,6,4,4,5,5,5,21,23,40
"378",378,3,3,3,3,3,3,3,3,6,6,6,6,6,6,6,6,6,6,6,6,24,24,48
"379",379,2,3,3,3,3,3,3,3,4,4,5,5,4,4,4,5,4,4,4,4,23,18,33
"380",380,2,2,2,2,2,2,2,2,5,5,5,5,5,5,5,5,5,5,5,5,16,20,40
"381",381,3,3,2,2,2,3,2,3,6,6,6,6,6,6,6,6,5,6,2,6,20,24,43
"382",382,3,3,3,3,3,3,3,3,6,6,6,6,6,6,6,6,6,5,6,6,24,24,47
"383",383,3,3,3,3,3,3,3,3,6,6,6,6,5,6,6,6,6,5,6,6,24,24,46
"384",384,3,3,3,3,3,3,3,3,4,5,5,5,5,5,5,6,5,5,5,5,24,19,41
"385",385,2,3,3,3,3,3,3,3,6,6,5,6,4,4,4,5,5,3,5,6,23,23,36
"386",386,3,3,2,3,2,2,2,3,6,6,6,6,5,5,4,5,6,5,3,5,20,24,38
"387",387,1,1,0,1,1,1,1,1,2,3,3,3,2,2,3,2,2,2,3,3,7,11,19
"388",388,3,3,3,3,1,1,3,1,6,6,6,6,3,6,2,6,5,3,6,4,18,24,35
"389",389,2,2,2,2,2,2,2,2,5,5,5,5,5,5,5,5,5,5,5,5,16,20,40
"390",390,3,3,1,3,2,2,1,1,6,5,5,6,2,5,4,4,3,3,4,4,16,22,29
"391",391,3,3,3,3,3,3,3,3,6,6,6,6,6,6,6,6,6,6,6,6,24,24,48
"392",392,2,2,3,1,2,1,3,3,4,4,3,3,3,2,2,4,3,3,1,2,17,14,20
"393",393,3,3,2,2,2,2,3,2,6,6,5,6,5,5,5,5,6,5,5,6,19,23,42
"394",394,2,1,2,1,1,2,2,2,3,4,3,4,2,4,3,3,2,2,3,2,13,14,21
"395",395,2,2,2,2,2,2,2,3,5,6,6,5,2,6,5,5,5,2,2,6,17,22,33
"396",396,3,3,3,3,3,3,3,3,6,6,6,6,4,5,6,6,5,5,5,5,24,24,41
"397",397,2,2,2,2,2,2,2,3,4,4,4,4,4,3,4,4,4,3,3,5,17,16,30
"398",398,3,2,2,2,3,3,3,3,6,4,6,5,5,6,4,6,1,1,2,6,21,21,31
"399",399,3,3,2,2,2,2,2,2,4,5,6,5,3,4,5,4,4,3,4,5,18,20,32
"400",400,2,1,1,1,1,2,2,2,6,6,6,6,2,3,3,4,3,3,5,6,12,24,29
"401",401,3,2,2,2,2,2,2,2,4,3,4,4,3,4,4,3,3,4,4,6,17,15,31
"402",402,2,2,1,2,1,1,2,2,4,4,4,4,3,3,3,3,3,3,2,2,13,16,22
"403",403,3,3,3,3,3,3,3,3,6,4,5,5,4,3,5,4,6,2,5,5,24,20,34
"404",404,3,3,2,3,2,3,3,3,0,1,0,1,2,3,2,6,3,0,3,5,22,2,24
"405",405,2,2,2,2,2,2,2,2,4,4,4,4,2,3,3,3,3,2,3,4,16,16,23
"406",406,1,1,1,1,0,0,0,0,2,3,3,3,2,2,2,2,2,2,2,3,4,11,17
"407",407,2,2,2,2,3,3,2,2,6,6,6,6,3,4,4,6,5,3,3,5,18,24,33
"408",408,3,2,2,3,3,2,2,2,6,6,6,6,6,6,6,5,6,6,3,5,19,24,43
"409",409,2,2,1,2,2,1,1,2,4,6,6,6,3,3,6,3,3,3,5,5,13,22,31
"410",410,3,3,3,3,0,0,3,3,6,6,6,6,0,0,0,6,6,0,6,6,18,24,24
"411",411,3,3,3,3,3,3,3,3,6,6,5,6,4,6,6,4,3,2,6,6,24,23,37
"412",412,3,3,3,3,2,2,3,2,6,6,5,6,5,5,5,5,5,5,5,6,21,23,41
"413",413,3,3,3,3,2,3,3,3,6,6,6,6,3,3,5,5,5,3,6,6,23,24,36
"414",414,3,2,3,2,2,2,3,3,6,5,6,6,5,5,5,5,6,6,5,4,20,23,41
"415",415,2,2,3,2,2,2,2,2,4,3,3,4,2,3,3,4,4,3,3,4,17,14,26
"416",416,2,2,1,2,1,2,2,3,6,6,6,6,5,5,4,4,3,5,3,6,15,24,35
"417",417,2,2,2,2,2,1,2,1,5,5,6,5,5,4,4,5,4,4,4,4,14,21,34
"418",418,2,2,2,2,2,1,3,2,5,4,5,4,4,3,5,5,6,3,3,5,16,18,34
"419",419,3,2,3,2,2,2,2,2,6,6,6,6,5,5,6,6,5,5,6,6,18,24,44
"420",420,2,3,3,3,3,3,3,3,6,6,5,6,5,6,6,6,6,6,6,6,23,23,47
"421",421,3,3,3,3,3,3,3,3,6,6,6,6,6,6,6,6,6,6,6,6,24,24,48
"422",422,2,2,2,2,2,2,2,2,5,5,5,6,5,5,5,6,6,5,5,5,16,21,42
"423",423,3,2,2,2,3,3,3,3,6,6,6,6,3,3,5,5,3,2,3,6,21,24,30
"424",424,3,3,1,3,3,3,1,3,5,5,6,6,0,0,6,6,5,1,6,5,20,22,29
"425",425,2,2,1,2,2,2,1,1,5,6,6,6,2,3,5,3,4,1,3,5,13,23,26
"426",426,1,1,1,1,1,1,1,2,3,3,3,6,2,3,5,2,2,5,2,6,9,15,27
"427",427,3,3,3,3,3,3,3,3,6,6,6,6,4,6,5,6,5,5,6,6,24,24,43
"428",428,3,2,2,3,2,2,2,2,6,5,4,3,6,5,1,5,5,3,1,3,18,18,29
"429",429,3,2,2,2,2,1,2,3,6,6,6,6,3,4,6,6,4,3,1,6,17,24,33
"430",430,2,3,2,3,3,3,2,3,5,6,6,6,4,5,5,6,5,5,4,6,21,23,40
"431",431,3,2,3,2,3,3,2,3,6,6,6,6,6,6,5,5,5,6,5,6,21,24,44
"432",432,2,2,2,2,2,2,2,2,4,4,4,6,4,4,4,4,4,3,4,4,16,18,31
"433",433,1,1,1,1,1,1,1,1,2,3,2,2,2,3,2,2,2,2,1,2,8,9,16
"434",434,2,2,1,1,1,1,1,1,1,2,2,2,4,2,2,3,3,2,0,2,10,7,18
"435",435,3,3,3,3,3,3,3,3,4,6,6,6,3,6,6,5,2,0,3,6,24,22,31
"436",436,3,2,3,2,2,2,3,2,3,4,4,5,3,4,4,5,4,4,3,4,19,16,31
"437",437,3,3,1,2,3,3,1,2,6,6,6,6,5,6,6,4,4,6,6,3,18,24,40
"438",438,1,1,1,1,1,1,1,1,1,2,2,2,2,1,2,2,2,2,2,2,8,7,15
"439",439,2,1,1,1,1,1,2,1,6,5,6,6,2,3,3,4,1,2,4,5,10,23,24
"440",440,2,2,2,2,2,2,2,3,6,6,6,6,3,3,5,6,6,1,4,6,17,24,34
"441",441,3,3,3,3,3,3,3,3,6,6,6,6,5,6,6,6,0,5,4,6,24,24,38
"442",442,2,2,2,2,2,2,3,3,4,4,3,3,3,3,3,4,4,3,2,2,18,14,24
"443",443,2,3,2,3,2,2,2,3,6,6,6,5,5,5,5,5,3,5,3,6,19,23,37
"444",444,3,3,3,3,3,1,3,3,5,5,6,6,5,5,4,4,5,5,4,6,22,22,38
"445",445,3,3,3,3,2,2,2,3,6,6,6,6,3,5,2,5,5,2,4,3,21,24,29
"446",446,3,3,3,3,3,3,3,3,6,6,4,6,3,4,3,6,3,4,5,6,24,22,34
"447",447,3,3,3,3,3,3,3,3,6,6,6,5,5,5,5,6,5,5,5,5,24,23,41
"448",448,2,2,2,2,1,2,2,2,6,6,5,6,5,5,5,5,4,5,5,6,15,23,40
"449",449,2,2,2,2,1,2,2,2,5,5,5,6,2,2,0,4,5,5,4,6,15,21,28
"450",450,3,3,3,3,3,3,3,3,6,6,6,6,6,6,6,6,0,1,6,6,24,24,37
"451",451,2,3,2,2,2,2,2,2,5,6,6,5,3,3,5,5,5,2,3,6,17,22,32
"452",452,3,2,2,3,3,3,3,3,6,6,6,6,4,4,5,6,6,4,6,5,22,24,40
"453",453,1,2,1,2,2,2,1,2,6,6,6,6,6,6,5,5,5,6,6,6,13,24,45
"454",454,3,1,1,2,1,1,1,2,4,4,5,6,3,1,5,4,4,3,5,2,12,19,27
"455",455,3,1,3,2,3,3,3,3,5,6,6,6,5,4,6,6,6,6,6,6,21,23,45
"456",456,2,1,1,1,1,1,2,2,3,4,4,5,2,0,0,4,4,3,4,6,11,16,23
"457",457,3,2,2,3,2,2,2,1,6,6,4,4,4,3,4,5,5,3,5,6,17,20,35
"458",458,3,3,1,2,1,3,0,2,6,0,6,6,5,2,6,6,6,6,6,6,15,18,43
"459",459,2,2,2,3,2,1,2,2,6,5,4,4,6,6,5,5,4,5,4,5,16,19,40
"460",460,2,2,2,2,2,2,2,2,6,6,6,6,5,5,5,5,5,6,5,5,16,24,41
"461",461,3,2,2,2,2,2,2,2,5,6,6,6,3,4,4,6,3,3,4,5,17,23,32
"462",462,3,3,2,3,3,2,2,2,6,6,6,6,2,3,5,6,0,2,3,4,20,24,25
"463",463,3,3,2,1,1,1,3,1,6,6,6,6,2,3,5,5,5,5,2,5,15,24,32
"464",464,3,3,3,3,3,3,3,3,6,6,6,6,6,6,6,6,6,6,6,6,24,24,48
"465",465,3,3,1,3,3,3,1,0,6,6,6,6,1,6,3,4,4,2,2,6,17,24,28
"466",466,3,2,3,2,2,2,3,3,6,6,6,6,6,5,6,5,6,6,5,6,20,24,45
"467",467,2,2,2,2,2,2,2,2,5,5,6,5,4,5,5,5,3,4,5,5,16,21,36
"468",468,3,3,2,2,2,2,3,2,6,6,6,6,2,3,3,5,1,0,1,2,19,24,17
"469",469,3,3,3,3,3,3,3,3,6,6,5,5,4,5,5,5,5,5,4,5,24,22,38
"470",470,2,2,1,2,2,2,2,2,6,6,6,6,5,6,6,5,5,5,5,6,15,24,43
"471",471,2,1,3,2,1,1,3,1,6,6,6,6,5,4,4,5,5,6,6,6,14,24,41
"472",472,1,1,1,1,1,1,2,2,4,5,6,6,3,5,5,4,3,4,4,6,10,21,34
"473",473,3,3,3,3,2,3,3,3,6,6,6,6,5,6,5,6,2,4,6,6,23,24,40
"474",474,1,1,1,3,2,1,2,2,5,6,6,2,1,4,4,4,2,2,6,3,13,19,26
"475",475,2,2,2,2,2,2,2,2,6,6,5,6,4,5,5,6,5,3,6,6,16,23,40
"476",476,2,2,3,2,2,3,2,3,6,6,6,6,4,4,6,6,6,4,5,5,19,24,40
"477",477,2,2,1,1,1,1,2,1,6,6,6,6,4,5,5,3,4,3,4,6,11,24,34
"478",478,3,3,2,3,3,3,3,3,6,6,6,5,3,4,4,4,5,3,3,6,23,23,32
"479",479,2,2,2,3,1,1,2,3,6,6,6,5,4,6,4,4,4,3,4,5,16,23,34
"480",480,2,2,2,2,2,2,2,3,6,6,6,6,5,6,5,5,5,5,6,6,17,24,43
"481",481,2,2,2,2,1,2,1,2,4,5,4,4,6,3,3,5,4,5,6,6,14,17,38
"482",482,3,3,1,2,2,3,2,3,5,5,6,6,4,5,6,5,5,6,5,5,19,22,41
"483",483,3,3,3,3,3,3,3,3,6,6,6,6,5,6,6,6,6,4,6,4,24,24,43
"484",484,2,1,2,2,1,1,0,2,6,6,6,6,4,6,6,6,3,4,5,6,11,24,40
"485",485,2,2,2,2,2,2,2,2,6,6,6,6,6,5,6,6,5,5,5,6,16,24,44
"486",486,3,2,1,2,2,2,2,2,6,5,5,5,5,5,3,3,4,5,5,5,16,21,35
"487",487,3,3,2,2,3,3,2,2,6,6,6,6,6,6,6,5,6,4,4,6,20,24,43
"488",488,2,1,3,2,1,2,1,3,3,3,3,3,6,5,2,5,5,2,2,6,15,12,33
"489",489,3,3,3,3,3,3,3,3,6,6,6,6,6,6,6,6,6,6,1,6,24,24,43
"490",490,3,3,3,3,3,3,3,3,6,6,6,6,6,6,6,6,6,6,6,6,24,24,48
"491",491,1,0,1,1,0,0,1,1,2,3,2,3,2,2,2,3,2,2,2,2,5,10,17
"492",492,3,3,3,3,3,3,3,3,6,6,6,6,5,6,6,6,6,6,6,6,24,24,47
"493",493,3,3,2,3,2,2,2,2,6,6,6,6,5,6,6,6,5,5,6,6,19,24,45
"494",494,2,2,0,1,1,1,2,2,5,6,5,5,2,3,2,4,3,3,5,5,11,21,27
"495",495,2,2,2,2,2,2,3,3,6,6,6,6,4,4,3,5,5,5,5,6,18,24,37
"496",496,3,2,2,2,2,3,3,3,6,6,6,6,4,5,6,6,3,6,5,4,20,24,39
"497",497,3,2,3,2,2,3,3,2,6,6,6,5,4,5,4,5,3,2,3,5,20,23,31
"498",498,3,2,2,3,3,3,2,3,5,5,6,6,4,2,4,4,5,4,6,5,21,22,34
"499",499,3,3,3,3,3,3,3,3,5,5,5,5,5,5,5,5,5,5,5,5,24,20,40
"500",500,3,3,3,3,3,3,3,3,6,6,6,6,6,6,6,6,6,6,6,6,24,24,48
"501",501,1,1,1,2,2,1,0,1,3,3,3,3,3,3,3,3,3,2,3,3,9,12,23
"502",502,2,2,2,2,2,2,2,2,5,5,5,5,3,4,4,4,3,3,4,4,16,20,29
"503",503,1,1,1,1,1,1,1,1,2,6,6,5,2,2,2,2,2,2,2,2,8,19,16
"504",504,3,2,2,2,2,3,3,3,6,6,6,5,5,5,5,6,5,5,6,6,20,23,43
"505",505,3,2,2,2,1,1,2,2,6,6,6,6,6,6,5,6,6,5,5,5,15,24,44
"506",506,3,3,2,3,3,3,2,3,6,6,6,5,5,5,5,5,5,5,5,6,22,23,41
"507",507,3,2,3,3,3,3,3,3,6,6,6,6,6,6,6,6,1,5,6,6,23,24,42
"508",508,3,2,2,2,2,2,3,2,5,6,6,6,3,3,5,5,5,5,3,5,18,23,34
"509",509,3,3,2,3,3,3,3,3,5,5,5,5,5,6,5,6,6,5,6,6,23,20,45
"510",510,3,3,3,3,3,3,3,3,3,5,6,6,6,6,5,6,6,6,6,6,24,20,47
"511",511,2,3,3,2,2,2,3,2,6,5,6,6,6,6,6,6,4,6,6,6,19,23,46
"512",512,3,3,3,3,3,3,3,3,4,5,5,5,4,4,5,5,4,4,5,5,24,19,36
"513",513,1,1,1,1,0,1,2,0,2,1,3,5,0,1,1,1,2,0,1,1,7,11,7
"514",514,3,2,3,3,3,3,3,3,6,6,6,6,6,5,6,6,6,3,4,6,23,24,42
"515",515,3,3,3,3,3,3,3,3,5,6,6,6,5,5,6,6,6,5,5,6,24,23,44
"516",516,3,3,3,3,3,3,3,3,6,6,6,6,5,5,6,6,6,5,6,6,24,24,45
"517",517,3,3,3,3,3,3,3,3,6,6,6,6,6,6,6,6,6,6,6,6,24,24,48
"518",518,2,2,2,2,2,1,1,1,6,6,6,6,3,5,4,6,5,2,5,5,13,24,35
"519",519,1,2,2,1,1,1,2,1,4,4,5,5,2,2,4,4,4,3,4,5,11,18,28
"520",520,2,2,1,2,1,1,2,2,5,5,5,5,3,5,5,3,6,3,3,6,13,20,34
"521",521,3,2,2,2,1,2,2,1,5,6,6,6,4,5,4,4,4,6,4,5,15,23,36
"522",522,3,3,3,3,2,3,3,3,5,4,5,5,4,4,4,5,5,3,5,5,23,19,35
"523",523,2,2,1,1,1,1,1,1,3,4,4,5,3,4,3,4,3,2,4,3,10,16,26
"524",524,3,3,3,3,2,2,3,2,6,6,5,6,6,5,5,5,6,5,5,5,21,23,42
"525",525,3,3,3,3,2,3,3,3,6,6,6,6,5,5,6,6,6,6,5,6,23,24,45
"526",526,3,3,2,2,2,2,3,2,6,5,5,6,5,5,5,5,5,6,6,6,19,22,43
"527",527,3,3,2,2,3,3,3,3,6,6,6,6,5,5,5,6,5,6,5,6,22,24,43
"528",528,3,3,3,3,3,3,3,3,6,6,6,6,5,6,6,6,6,1,4,6,24,24,40
"529",529,3,3,2,2,3,2,3,3,6,6,6,6,4,4,6,6,6,5,6,6,21,24,43
"530",530,3,3,3,3,3,3,3,2,6,6,6,6,4,5,6,5,6,2,6,6,23,24,40
"531",531,3,3,3,2,2,2,2,2,6,6,6,5,4,5,5,5,6,5,4,4,19,23,38
"532",532,3,3,2,3,2,3,2,2,6,6,6,6,6,5,6,6,6,6,6,6,20,24,47
"533",533,2,2,3,2,2,2,1,3,5,5,5,6,3,5,5,5,5,4,6,6,17,21,39
"534",534,3,3,3,3,3,3,3,3,5,6,6,6,0,3,6,5,3,3,6,4,24,23,30
"535",535,2,2,2,2,2,2,2,2,6,6,6,6,3,5,6,6,6,3,6,6,16,24,41
"536",536,2,2,2,2,2,2,2,2,6,4,5,6,3,3,5,5,1,5,5,5,16,21,32
"537",537,3,3,1,2,2,2,1,2,5,6,5,5,2,4,5,3,3,3,5,5,16,21,30
"538",538,3,2,1,2,2,1,2,2,6,6,5,6,5,3,6,6,6,6,3,6,15,23,41
"539",539,2,3,2,2,3,2,3,2,6,6,6,5,4,3,4,6,6,3,5,6,19,23,37
"540",540,1,1,2,1,1,1,3,1,1,0,1,0,3,2,1,3,3,4,1,1,11,2,18
"541",541,2,1,1,2,1,2,0,1,6,5,6,6,2,3,4,4,3,2,1,4,10,23,23
"542",542,2,2,2,2,2,2,2,2,2,2,2,2,2,2,2,2,2,1,2,2,16,8,15
"543",543,2,3,3,2,2,3,3,3,5,5,5,4,5,4,4,5,4,3,5,4,21,19,34
"544",544,2,1,2,3,2,2,2,1,6,6,6,6,6,5,6,6,6,3,4,6,15,24,42
"545",545,3,3,3,3,3,3,3,3,6,6,6,6,6,6,6,6,6,5,6,5,24,24,46
"546",546,3,3,2,3,2,2,2,3,6,6,6,5,5,4,5,5,5,5,4,5,20,23,38
"547",547,1,1,1,1,1,1,1,2,4,4,4,4,2,3,3,3,2,2,2,3,9,16,20
"548",548,2,2,1,2,2,2,3,3,6,6,5,5,4,4,4,5,5,3,3,5,17,22,33
"549",549,3,3,3,3,3,3,3,3,6,6,6,6,6,6,6,6,6,6,6,6,24,24,48
"550",550,3,2,3,3,3,3,3,3,6,6,6,6,2,5,6,5,6,0,5,5,23,24,34
"551",551,2,2,3,3,3,2,3,3,4,5,5,4,2,3,4,4,3,3,2,6,21,18,27
"552",552,3,3,3,3,3,3,3,3,6,6,6,6,6,6,6,6,6,6,6,6,24,24,48
"553",553,2,2,3,2,2,3,3,3,6,5,5,4,4,5,5,4,4,5,4,4,20,20,35
"554",554,3,3,3,3,3,2,1,3,6,6,6,6,2,6,6,6,2,2,6,6,21,24,36
"555",555,3,3,3,3,3,1,3,2,6,6,6,6,4,4,5,5,5,3,5,6,21,24,37
"556",556,3,3,3,3,3,3,3,3,6,6,6,6,6,6,6,6,2,6,6,6,24,24,44
"557",557,3,3,3,3,3,3,3,3,6,6,6,6,4,5,5,5,6,4,4,6,24,24,39
"558",558,3,2,2,3,2,3,2,2,6,6,6,6,6,4,6,6,6,5,6,6,19,24,45
"559",559,2,2,2,2,1,2,1,2,5,5,5,4,5,5,2,4,2,2,1,4,14,19,25
"560",560,2,1,1,1,1,1,1,1,5,5,5,4,2,1,2,3,3,2,2,2,9,19,17
"561",561,2,2,2,2,2,2,2,2,6,6,6,5,4,2,6,5,3,4,4,3,16,23,31
"562",562,2,2,1,2,1,1,1,0,5,6,6,6,2,4,6,4,5,3,6,6,10,23,36
"563",563,1,1,1,1,0,0,0,0,2,2,2,2,2,2,2,2,2,2,2,2,4,8,16
"564",564,3,2,1,2,2,2,2,3,6,6,6,6,6,6,6,6,6,6,6,6,17,24,48
"565",565,2,2,2,2,2,2,2,2,6,6,6,6,5,5,5,5,3,0,5,5,16,24,33
"566",566,2,2,3,3,3,3,2,2,5,5,5,4,4,4,5,4,5,3,4,4,20,19,33
"567",567,3,2,2,2,2,3,3,3,5,6,6,6,3,5,5,5,2,5,4,6,20,23,35
"568",568,3,3,3,3,3,3,3,3,6,6,6,6,5,0,6,6,6,5,3,6,24,24,37
"569",569,2,2,2,2,1,2,2,3,6,3,6,5,0,4,2,4,1,0,0,3,16,20,14
"570",570,3,3,3,3,3,3,3,3,6,6,6,6,5,6,6,6,6,5,6,6,24,24,46
"571",571,0,0,1,1,1,1,2,2,3,4,4,3,0,0,0,2,3,0,1,0,8,14,6
"572",572,2,1,2,1,1,1,3,1,5,6,6,6,0,4,5,5,2,1,3,5,12,23,25
"573",573,2,3,2,2,3,3,3,3,6,6,6,6,5,3,5,6,3,2,6,6,21,24,36
"574",574,3,3,3,3,3,3,3,3,6,6,6,6,6,6,0,5,3,6,6,6,24,24,38
"575",575,3,3,3,3,3,3,3,3,6,6,6,6,5,4,6,6,5,5,6,5,24,24,42
"576",576,3,3,2,2,2,3,2,2,5,5,5,4,4,3,5,4,4,3,5,4,19,19,32
"577",577,3,3,3,3,3,3,3,3,6,6,6,6,5,6,5,6,6,5,5,6,24,24,44
"578",578,3,3,3,3,3,3,2,3,6,6,6,6,5,6,6,6,3,2,4,6,23,24,38
"579",579,3,3,3,3,2,2,2,2,6,6,6,6,3,6,6,6,2,3,6,6,20,24,38
"580",580,1,2,1,1,0,0,1,0,6,5,5,5,6,5,5,4,4,6,5,5,6,21,40
"581",581,1,1,1,1,1,1,3,1,3,2,2,3,4,2,2,4,3,3,5,2,10,10,25
"582",582,2,1,2,1,2,1,3,1,5,5,2,4,0,0,1,2,3,1,6,2,13,16,15
"583",583,2,2,3,3,3,3,3,3,5,6,5,6,5,5,5,5,5,6,6,6,22,22,43
"584",584,3,3,3,3,3,3,3,3,5,6,5,5,4,3,6,5,4,3,6,6,24,21,37
"585",585,2,2,2,2,2,2,1,2,5,6,6,4,3,5,5,4,4,2,2,4,15,21,29
"586",586,2,2,1,1,1,1,2,1,4,3,5,3,3,1,3,2,3,4,3,5,11,15,24
"587",587,3,2,1,2,2,1,3,2,6,6,6,6,5,4,6,6,5,4,3,6,16,24,39
"588",588,2,2,3,3,3,3,3,3,5,5,5,4,3,4,5,5,5,5,3,4,22,19,34
"589",589,2,3,3,2,3,2,3,2,5,5,6,4,2,4,5,5,5,0,6,6,20,20,33
"590",590,2,2,1,2,2,2,1,2,5,6,6,6,6,2,2,4,4,1,6,6,14,23,31
"591",591,1,1,1,1,1,1,1,1,6,5,5,5,5,5,5,6,6,0,5,5,8,21,37
"592",592,2,2,2,2,2,2,3,2,6,6,6,6,5,5,5,6,5,6,5,6,17,24,43
"593",593,3,3,2,2,3,3,3,3,6,6,6,6,5,5,6,6,5,5,5,5,22,24,42
"594",594,2,1,1,2,2,2,2,2,5,5,5,5,5,5,5,4,4,5,5,6,14,20,39
"595",595,3,3,3,3,3,3,3,3,6,6,6,6,5,5,5,5,6,5,6,5,24,24,42
"596",596,2,2,1,2,2,2,2,2,6,6,6,6,6,3,4,6,5,6,2,6,15,24,38
"597",597,3,2,2,2,2,2,3,2,6,6,6,6,6,6,6,6,6,6,6,6,18,24,48
"598",598,2,2,2,2,2,1,2,2,5,6,5,5,5,5,5,5,4,5,5,5,15,21,39
"599",599,2,1,2,1,2,1,1,3,3,3,3,3,3,3,3,3,3,3,3,3,13,12,24
"600",600,3,3,3,3,2,3,3,3,6,6,6,6,3,3,6,6,5,2,6,5,23,24,36
"601",601,3,3,3,3,3,3,3,3,6,6,6,6,6,6,6,6,6,6,6,6,24,24,48
"602",602,2,2,2,3,3,2,2,2,5,6,5,6,5,5,5,6,6,5,5,5,18,22,42
"603",603,2,2,3,2,2,2,3,3,6,6,6,6,3,4,4,5,3,2,5,4,19,24,30
"604",604,2,2,2,2,2,2,1,1,6,6,6,6,5,4,5,5,4,5,4,5,14,24,37
"605",605,3,2,2,3,2,3,1,2,4,6,6,6,4,6,6,5,5,6,5,6,18,22,43
"606",606,2,2,2,2,2,2,1,2,5,4,5,5,4,4,5,4,5,5,5,6,15,19,38
"607",607,3,3,3,3,3,3,3,3,6,6,6,6,5,5,6,6,5,5,5,5,24,24,42
"608",608,3,3,2,3,3,3,3,3,6,6,6,6,6,6,6,6,6,6,6,6,23,24,48
"609",609,2,3,1,3,2,3,2,3,6,6,6,6,4,3,4,6,3,2,2,3,19,24,27
"610",610,3,3,3,3,3,3,3,3,6,6,6,6,3,3,5,6,6,1,5,5,24,24,34
"611",611,3,2,2,2,1,1,2,2,6,6,6,6,4,5,6,6,5,6,6,6,15,24,44
"612",612,3,3,3,3,2,3,3,3,5,6,6,6,4,5,5,6,6,6,6,6,23,23,44
"613",613,3,3,3,3,3,3,3,3,6,6,6,6,6,6,6,6,6,5,6,6,24,24,47
"614",614,2,2,2,2,2,2,2,2,4,4,4,4,4,4,4,4,4,4,4,4,16,16,32
"615",615,2,2,2,2,1,1,2,2,5,5,6,5,5,5,5,5,6,5,4,6,14,21,41
"616",616,3,2,2,2,2,3,3,2,5,5,5,6,2,5,4,5,4,2,5,6,19,21,33
"617",617,3,2,2,3,3,3,2,3,6,5,4,4,4,5,6,5,5,3,6,4,21,19,38
"618",618,2,2,2,2,2,2,2,2,3,3,3,3,2,3,3,4,4,2,2,4,16,12,24
"619",619,3,2,3,3,2,2,2,2,6,4,5,5,4,4,4,4,4,3,4,4,19,20,31
"620",620,2,2,1,1,1,1,1,1,6,6,6,6,6,5,5,4,0,5,2,2,10,24,29
"621",621,3,2,3,3,3,3,3,3,6,6,6,6,3,2,4,6,6,5,5,5,23,24,36
"622",622,2,2,1,2,1,2,1,1,6,6,6,5,4,3,3,4,4,3,3,3,12,23,27
"623",623,3,3,3,3,1,3,3,3,6,6,4,6,5,3,6,5,5,4,6,5,22,22,39
"624",624,3,2,2,2,2,1,1,2,6,6,6,6,3,5,5,4,4,2,5,5,15,24,33
"625",625,3,3,3,3,3,3,3,3,6,6,6,6,6,6,6,6,6,6,6,6,24,24,48
"626",626,3,3,3,3,2,3,2,3,6,6,5,6,5,4,5,5,5,5,6,4,22,23,39
"627",627,3,3,3,3,3,3,3,3,6,6,6,6,0,6,3,5,5,0,3,6,24,24,28
"628",628,2,2,1,1,1,1,1,3,6,6,6,6,3,2,2,5,4,2,5,6,12,24,29
"629",629,1,1,1,1,1,1,1,1,4,4,4,4,4,4,4,3,4,4,4,4,8,16,31
"630",630,1,1,1,1,1,1,2,2,6,6,6,4,1,6,4,2,3,1,2,6,10,22,25
"631",631,3,3,2,3,3,3,2,2,6,6,6,6,6,6,6,6,6,6,6,6,21,24,48
"632",632,2,1,2,2,1,2,2,2,6,6,6,6,3,3,3,5,5,3,5,6,14,24,33
"633",633,2,2,2,2,3,2,2,3,5,6,5,6,3,4,5,6,5,3,5,4,18,22,35
"634",634,3,3,2,2,2,2,2,3,6,6,6,6,5,5,6,6,6,6,6,6,19,24,46
"635",635,3,2,3,3,2,3,3,2,6,6,5,5,3,3,4,5,3,2,5,6,21,22,31
"636",636,2,2,3,3,3,3,3,2,5,6,6,6,4,3,6,5,3,3,5,4,21,23,33
"637",637,2,2,2,2,2,2,2,2,5,3,2,1,0,4,2,2,3,1,1,5,16,11,18
"638",638,2,2,1,2,2,2,2,2,5,5,6,5,4,5,4,5,5,5,4,5,15,21,37
"639",639,1,2,1,2,2,2,1,1,6,6,6,6,5,6,5,4,6,5,6,6,12,24,43
"640",640,3,3,3,3,3,3,3,3,6,6,6,6,4,6,6,6,5,6,6,6,24,24,45
"641",641,2,2,3,2,3,2,2,2,5,5,4,5,2,5,3,3,3,2,2,6,18,19,26
"642",642,3,3,2,3,2,3,2,3,6,6,6,6,3,5,6,6,5,6,6,5,21,24,42
"643",643,2,1,2,2,2,1,3,3,6,5,5,6,1,3,2,4,2,2,0,6,16,22,20
"644",644,3,2,2,2,3,2,2,3,6,6,6,6,6,6,6,6,6,6,6,6,19,24,48
"645",645,3,1,2,2,2,2,2,2,3,2,3,2,2,2,2,3,3,2,2,2,16,10,18
"646",646,3,3,3,3,3,3,3,3,6,6,6,6,6,6,6,6,2,0,6,6,24,24,38
"647",647,1,1,1,1,1,1,1,1,1,1,3,2,1,0,0,2,2,1,0,1,8,7,7
"648",648,2,2,2,2,2,2,2,2,6,4,4,5,4,4,5,4,4,4,5,5,16,19,35
"649",649,1,1,2,1,0,1,2,0,4,3,3,3,3,0,3,4,3,0,3,3,8,13,19
"650",650,2,2,2,2,2,1,3,2,6,6,5,6,2,5,4,2,2,2,6,6,16,23,29
"651",651,2,2,2,2,2,2,3,2,6,6,5,5,4,4,4,5,4,1,3,6,17,22,31
"652",652,3,3,3,3,3,3,3,2,6,6,6,6,6,5,5,6,6,6,6,6,23,24,46
"653",653,2,2,2,2,2,2,2,2,6,5,5,6,3,3,6,4,5,2,6,6,16,22,35
"654",654,3,3,2,2,3,3,2,3,6,6,6,6,3,4,5,6,6,5,3,6,21,24,38
"655",655,3,3,2,3,3,3,3,3,6,6,6,6,5,6,6,6,6,6,5,6,23,24,46
"656",656,2,2,2,2,2,2,3,3,6,6,6,6,2,4,6,6,5,3,4,6,18,24,36
"657",657,3,2,2,2,2,2,2,2,5,6,6,2,3,5,5,5,5,2,5,6,17,19,36
"658",658,2,1,3,2,2,2,2,2,4,5,5,5,4,4,5,4,4,5,5,5,16,19,36
"659",659,2,2,2,2,2,2,2,2,4,4,4,4,4,4,4,3,4,4,4,4,16,16,31
"660",660,3,3,3,3,2,3,3,2,6,6,6,6,5,5,5,6,5,5,5,6,22,24,42
"661",661,2,2,2,2,2,3,2,3,6,6,6,6,4,5,5,5,5,6,5,5,18,24,40
"662",662,2,2,2,2,2,2,2,0,6,6,6,6,2,2,6,5,5,0,6,6,14,24,32
"663",663,3,2,2,2,2,2,2,2,6,5,5,5,3,3,5,6,6,3,5,4,17,21,35
"664",664,3,3,3,3,3,3,2,2,6,6,6,6,2,5,4,4,3,1,2,3,22,24,24
"665",665,3,2,3,2,3,3,3,3,6,6,6,6,5,5,6,5,5,5,5,6,22,24,42
"666",666,1,1,1,1,1,2,2,2,5,6,6,5,4,2,4,3,2,2,3,4,11,22,24
"667",667,2,2,1,1,2,2,1,2,6,6,6,5,4,4,5,6,5,4,5,5,13,23,38
"668",668,3,3,3,3,3,3,3,3,6,6,6,6,5,5,6,6,5,3,6,6,24,24,42
"669",669,2,2,3,3,3,3,3,3,6,6,6,6,3,6,4,5,5,3,3,4,22,24,33
"670",670,3,3,3,3,3,3,3,3,6,6,6,6,3,6,5,6,3,3,4,4,24,24,34
"671",671,2,1,2,1,2,2,1,1,4,3,4,4,3,2,3,4,2,2,2,5,12,15,23
"672",672,1,1,2,1,1,1,2,0,2,1,1,4,0,1,0,2,2,3,1,5,9,8,14
"673",673,2,2,2,3,2,3,3,2,5,5,6,5,4,3,4,3,4,3,5,5,19,21,31
"674",674,3,3,2,2,1,2,2,2,6,6,6,6,4,4,4,4,5,3,5,4,17,24,33
"675",675,1,1,1,2,2,2,1,2,3,4,4,5,3,3,3,4,4,4,5,6,12,16,32
"676",676,2,2,2,2,2,2,2,0,4,4,4,6,6,5,6,6,6,5,6,6,14,18,46
"677",677,3,3,3,3,3,3,3,3,6,6,6,6,4,6,6,6,2,4,6,6,24,24,40
"678",678,3,3,3,3,3,2,3,3,6,5,6,6,3,4,5,6,6,2,6,6,23,23,38
"679",679,3,3,3,3,3,3,3,3,6,6,6,6,6,6,6,6,6,6,5,6,24,24,47
"680",680,2,2,2,3,1,2,1,2,6,6,6,6,3,5,5,5,2,5,6,6,15,24,37
"681",681,2,2,2,2,1,1,2,1,4,4,4,4,4,3,4,4,4,4,4,4,13,16,31
"682",682,3,3,3,3,3,3,3,3,6,6,6,6,5,6,6,6,5,5,5,5,24,24,43
"683",683,2,2,2,2,2,1,2,2,5,5,5,5,5,5,5,5,5,5,5,5,15,20,40
"684",684,2,1,1,1,1,0,2,1,3,3,3,2,3,2,3,3,3,3,3,4,9,11,24
"685",685,1,1,1,1,1,1,3,1,6,6,6,5,1,0,1,2,2,2,3,6,10,23,17
"686",686,3,2,2,3,3,3,2,3,6,6,5,6,3,6,6,6,1,5,6,6,21,23,39
"687",687,3,3,2,3,2,3,2,2,6,6,6,6,6,5,5,6,5,2,5,6,20,24,40
"688",688,2,1,1,1,1,1,2,0,4,3,2,4,2,5,1,2,2,1,2,4,9,13,19
"689",689,3,3,3,3,3,3,3,3,6,6,6,6,6,6,6,5,5,6,6,6,24,24,46
"690",690,3,3,3,3,3,3,2,3,6,6,5,5,0,5,2,6,0,0,0,5,23,22,18
"691",691,2,2,2,2,2,2,2,2,5,5,5,5,5,5,5,5,5,5,5,5,16,20,40
"692",692,2,2,2,1,2,2,2,2,5,6,5,5,3,3,4,6,5,4,4,3,15,21,32
"693",693,2,2,2,2,2,2,2,2,4,4,5,6,4,3,4,6,5,4,5,5,16,19,36
"694",694,3,3,3,3,3,3,3,3,6,6,6,6,6,6,6,6,6,6,6,6,24,24,48
"695",695,2,2,3,2,3,3,3,3,6,5,5,5,4,5,5,5,4,3,4,5,21,21,35
"696",696,2,3,2,2,2,2,1,2,6,6,6,6,5,3,5,6,6,3,5,6,16,24,39
"697",697,3,2,2,2,2,2,3,3,5,6,6,6,4,6,6,6,6,3,6,6,19,23,43
"698",698,3,2,2,3,3,2,1,2,6,6,6,6,6,5,6,6,3,5,6,6,18,24,43
"699",699,3,3,3,3,3,3,3,3,6,6,6,6,3,3,6,6,6,0,6,6,24,24,36
"700",700,2,2,3,1,0,1,3,2,1,1,0,4,1,2,1,2,1,1,0,1,14,6,9
"701",701,1,1,2,1,0,0,2,1,5,5,4,5,2,3,3,2,2,2,2,6,8,19,22
"702",702,2,1,1,1,1,1,1,1,2,3,5,5,5,3,6,2,3,4,6,6,9,15,35
"703",703,2,2,1,2,2,3,3,2,2,3,3,3,4,3,4,5,4,3,3,6,17,11,32
"704",704,3,3,3,3,2,3,3,3,6,6,6,5,5,5,5,5,4,4,4,5,23,23,37
"705",705,1,1,2,1,0,0,1,0,6,6,6,6,5,6,6,5,5,5,6,4,6,24,42
"706",706,3,3,2,3,3,3,3,3,6,6,6,6,5,6,5,5,3,4,4,6,23,24,38
"707",707,2,2,2,2,1,2,2,2,4,4,4,5,3,4,4,5,4,4,4,5,15,17,33
"708",708,3,3,3,3,3,3,3,3,6,6,6,6,5,5,5,6,5,5,5,5,24,24,41
"709",709,2,3,2,2,1,2,1,2,5,6,6,5,4,6,6,3,4,4,5,6,15,22,38
"710",710,3,1,2,3,3,2,2,2,5,5,5,6,2,2,2,3,5,4,6,6,18,21,30
"711",711,3,2,2,3,2,3,3,2,6,6,6,6,3,6,6,6,5,2,5,6,20,24,39
"712",712,2,2,2,2,1,2,2,2,5,5,5,5,5,5,5,4,5,4,5,5,15,20,38
"713",713,3,3,3,3,3,3,3,3,6,6,6,6,6,5,6,6,6,5,5,6,24,24,45
"714",714,1,1,1,1,0,1,3,2,5,6,6,6,2,4,6,4,6,4,4,3,10,23,33
"715",715,2,2,1,2,2,2,1,1,5,6,6,5,2,4,4,4,3,4,4,3,13,22,28
"716",716,2,2,2,2,3,2,3,3,5,6,4,5,4,3,2,5,3,3,3,2,19,20,25
"717",717,3,3,3,3,3,3,3,3,6,6,6,6,3,6,6,6,0,4,2,6,24,24,33
"718",718,3,2,2,2,1,2,3,3,6,6,6,6,4,6,5,5,5,5,6,6,18,24,42
"719",719,1,1,1,1,1,1,2,2,5,5,6,4,3,2,2,3,3,4,4,6,10,20,27
"720",720,2,2,3,3,3,3,3,3,6,6,6,6,5,4,4,4,5,5,4,6,22,24,37
"721",721,3,3,3,2,3,2,2,3,4,5,4,6,3,4,5,5,5,4,5,5,21,19,36
"722",722,3,3,3,3,3,1,3,2,6,6,6,6,6,6,6,6,6,6,6,6,21,24,48
"723",723,2,1,3,2,2,2,1,1,6,6,6,6,5,5,6,5,5,6,2,5,14,24,39
"724",724,2,2,2,1,1,1,2,1,4,4,4,6,6,5,6,6,6,5,5,6,12,18,45
"725",725,3,2,2,2,2,1,2,2,5,5,6,6,5,4,4,4,5,5,5,6,16,22,38
"726",726,1,1,1,1,1,1,1,1,2,2,2,2,2,2,2,2,2,2,2,2,8,8,16
"727",727,3,3,3,3,3,3,3,3,6,6,6,6,6,6,6,6,6,6,4,6,24,24,46
"728",728,2,2,3,2,2,2,2,2,5,5,5,6,1,4,5,4,2,2,5,4,17,21,27
"729",729,2,2,2,2,1,1,3,1,4,6,6,2,3,6,4,4,3,2,2,4,14,18,28
"730",730,2,3,2,2,2,2,2,3,6,6,6,6,4,5,5,5,3,5,4,4,18,24,35
"731",731,3,2,2,2,1,2,2,2,5,6,6,6,3,5,3,6,4,5,3,5,16,23,34
"732",732,2,2,2,2,1,1,1,2,6,6,6,5,3,3,4,3,4,2,4,3,13,23,26
"733",733,3,3,3,3,3,3,3,3,6,6,6,6,3,6,6,6,6,2,6,6,24,24,41
"734",734,3,3,2,2,2,1,1,1,5,5,5,6,2,5,4,3,3,3,4,6,15,21,30
"735",735,2,1,1,1,1,2,2,2,4,4,5,5,2,3,4,4,3,3,3,3,12,18,25
"736",736,2,2,2,2,2,2,2,2,5,5,5,4,3,3,4,3,3,3,3,3,16,19,25
"737",737,3,2,2,2,2,3,3,3,4,6,5,5,3,2,2,3,4,3,2,3,20,20,22
"738",738,3,3,2,2,2,3,2,2,6,6,6,6,3,4,3,5,4,4,3,6,19,24,32
"739",739,2,1,1,2,1,1,1,1,5,5,5,5,2,4,4,3,3,2,2,5,10,20,25
"740",740,3,2,2,2,2,2,2,2,6,6,5,6,4,4,4,4,2,3,3,5,17,23,29
"741",741,2,1,1,2,1,1,1,2,6,6,6,6,5,5,6,6,6,6,6,6,11,24,46
"742",742,3,3,3,3,3,3,3,3,5,6,5,6,5,5,5,5,5,5,5,5,24,22,40
"743",743,1,1,1,1,1,1,1,1,4,4,4,4,4,4,4,4,4,4,4,4,8,16,32
"744",744,3,3,3,3,3,3,3,3,6,6,6,6,5,5,6,6,6,5,6,6,24,24,45
"745",745,3,2,3,2,2,3,3,2,4,5,2,6,4,1,4,3,3,0,5,2,20,17,22
"746",746,3,3,1,2,3,3,3,3,5,5,6,6,6,5,6,6,6,0,6,6,21,22,41
"747",747,3,3,3,3,3,3,3,3,6,6,6,6,6,6,6,6,6,6,6,6,24,24,48
"748",748,3,3,3,3,3,3,3,3,6,6,6,6,2,5,5,4,3,1,3,2,24,24,25
"749",749,3,3,3,3,3,3,2,3,6,6,6,6,5,5,5,6,5,5,5,5,23,24,41
"750",750,2,1,1,2,2,2,1,2,4,3,4,4,3,3,3,3,4,3,4,4,13,15,27
"751",751,2,2,1,1,1,1,1,2,3,3,4,3,4,3,4,5,5,5,3,4,11,13,33
"752",752,3,3,3,3,3,3,3,3,6,6,6,6,6,5,5,6,6,5,6,6,24,24,45
"753",753,2,2,2,2,1,2,3,1,5,5,5,6,4,5,4,4,6,4,6,6,15,21,39
"754",754,2,2,3,2,2,3,3,1,6,6,6,6,4,6,6,5,3,4,5,5,18,24,38
"755",755,2,3,3,3,2,2,3,2,4,6,5,5,1,5,4,5,5,2,4,1,20,20,27
"756",756,3,3,3,3,3,3,3,3,6,6,6,6,6,6,6,6,6,3,6,6,24,24,45
"757",757,2,2,1,2,2,2,1,2,3,5,3,5,4,2,3,4,5,4,3,5,14,16,30
"758",758,2,2,2,2,2,2,2,2,6,6,6,5,4,5,5,5,5,4,5,5,16,23,38
"759",759,2,2,2,2,2,2,3,2,4,5,5,5,3,3,4,4,4,3,5,5,17,19,31
"760",760,3,3,2,3,3,3,3,3,6,6,6,6,5,6,6,6,6,5,5,6,23,24,45
"761",761,3,3,2,1,2,1,1,2,5,5,5,6,5,1,4,5,4,5,4,5,15,21,33
"762",762,2,2,1,1,1,1,2,2,4,4,4,4,2,3,2,3,4,2,1,3,12,16,20
"763",763,2,2,2,2,2,2,3,3,5,6,5,5,3,5,4,5,6,5,4,4,18,21,36
"764",764,2,2,2,2,1,1,2,1,6,6,6,5,4,2,3,5,4,4,5,6,13,23,33
"765",765,1,1,3,1,1,1,2,1,2,3,3,3,3,2,3,3,3,2,3,3,11,11,22
"766",766,3,3,2,2,2,2,2,3,6,6,6,6,4,5,6,6,5,5,5,4,19,24,40
"767",767,3,3,2,3,3,1,3,3,6,6,6,6,6,6,6,6,6,6,6,6,21,24,48
"768",768,2,2,2,2,1,1,1,2,5,6,5,5,3,3,4,5,4,4,3,2,13,21,28
"769",769,1,1,1,1,1,1,1,1,3,3,3,3,3,3,3,3,3,3,3,3,8,12,24
"770",770,2,1,2,2,1,2,1,2,4,4,4,4,2,2,2,2,3,2,2,4,13,16,19
"771",771,2,2,3,2,2,2,3,2,5,6,5,6,3,3,5,3,5,3,4,3,18,22,29
"772",772,2,1,1,2,0,0,1,0,1,5,1,2,0,0,3,4,4,1,1,4,7,9,17
"773",773,1,1,0,1,1,1,0,0,1,1,1,2,2,1,1,1,1,2,2,2,5,5,12
"774",774,2,1,2,1,1,2,2,2,5,6,6,5,3,3,3,4,4,3,3,3,13,22,26
"775",775,3,3,3,3,3,2,3,2,6,6,6,6,4,5,6,6,3,3,4,6,22,24,37
"776",776,3,3,3,3,3,3,3,3,6,6,6,6,6,4,5,6,6,6,6,6,24,24,45
"777",777,2,1,1,2,2,1,1,1,4,5,3,6,5,4,4,5,2,4,4,6,11,18,34
"778",778,2,2,1,2,1,1,2,2,3,2,1,3,2,2,2,3,3,1,1,1,13,9,15
"779",779,3,3,3,3,3,3,3,3,6,6,6,6,6,6,6,6,6,6,6,6,24,24,48
"780",780,3,2,2,2,2,3,3,3,6,6,6,6,5,6,6,6,5,5,5,6,20,24,44
"781",781,1,1,2,1,1,1,2,1,1,1,1,1,1,1,1,1,1,1,1,1,10,4,8
"782",782,2,2,2,2,2,2,2,2,5,5,5,5,5,5,5,5,5,5,5,5,16,20,40
"783",783,2,1,1,1,1,2,2,1,2,0,2,1,2,1,1,3,2,1,1,1,11,5,12
"784",784,2,1,1,1,2,1,1,2,4,5,6,6,3,4,5,3,3,3,4,5,11,21,30
"785",785,2,2,2,2,1,2,2,1,3,3,3,4,3,3,2,4,4,3,5,5,14,13,29
"786",786,3,3,2,2,2,2,2,3,6,6,6,6,4,4,5,6,1,1,6,2,19,24,29
"787",787,2,1,1,2,1,1,2,2,3,3,3,3,3,3,3,3,3,3,3,3,12,12,24
"788",788,2,2,2,2,1,2,2,2,5,5,5,5,4,4,3,4,4,2,3,2,15,20,26
"789",789,2,2,2,2,1,2,2,3,6,6,6,6,1,6,5,6,4,5,4,6,16,24,37
"790",790,2,2,2,2,1,1,2,1,4,3,3,3,2,4,3,4,3,1,2,1,13,13,20
"791",791,2,2,3,2,3,2,1,3,4,5,5,5,2,3,3,4,3,3,2,3,18,19,23
"792",792,2,2,2,2,2,2,2,3,6,6,6,6,6,6,6,6,5,5,5,6,17,24,45
"793",793,3,3,3,3,3,3,3,3,6,6,6,6,4,5,6,6,5,6,5,6,24,24,43
"794",794,3,2,3,3,3,3,3,3,6,6,6,6,5,5,6,6,5,2,6,6,23,24,41
"795",795,3,3,3,3,3,3,3,3,6,6,6,6,2,2,5,5,2,2,2,5,24,24,25
"796",796,2,2,1,1,2,2,3,3,6,6,6,6,5,3,5,5,4,3,4,6,16,24,35
"797",797,2,1,1,2,2,1,2,2,2,3,4,4,4,1,1,2,3,3,3,5,13,13,22
"798",798,3,3,3,3,3,3,3,3,6,6,6,6,6,6,6,6,6,5,5,6,24,24,46
"799",799,3,3,3,2,3,2,3,3,6,6,6,6,6,5,5,6,5,5,5,6,22,24,43
"800",800,3,3,3,3,3,3,3,3,6,6,6,6,6,5,6,6,6,6,6,6,24,24,47
"801",801,2,2,3,2,2,3,3,3,6,5,6,6,3,5,3,6,3,3,6,5,20,23,34
"802",802,3,2,2,2,1,1,2,2,4,4,4,4,2,3,4,4,3,2,2,3,15,16,23
"803",803,2,3,2,3,2,2,3,3,5,5,5,5,4,5,5,5,5,4,4,6,20,20,38
"804",804,2,2,2,2,2,2,2,2,3,3,3,3,3,3,3,3,3,3,3,3,16,12,24
"805",805,2,1,2,1,1,2,2,1,5,6,6,6,5,5,5,5,5,5,4,6,12,23,40
"806",806,3,2,2,3,3,3,3,2,6,6,6,6,5,6,6,6,5,2,5,5,21,24,40
"807",807,2,2,2,1,1,1,3,1,4,3,4,4,2,3,4,3,2,2,3,4,13,15,23
"808",808,1,1,1,1,1,1,1,2,4,4,4,4,3,3,3,4,3,3,4,5,9,16,28
"809",809,2,3,3,2,2,3,3,2,1,1,2,4,2,2,3,5,3,1,6,6,20,8,28
"810",810,3,2,2,2,1,1,2,2,6,6,6,6,2,5,5,5,3,2,5,2,15,24,29
"811",811,2,2,2,2,3,3,3,3,5,5,5,5,5,5,5,5,5,5,4,5,20,20,39
"812",812,1,1,1,1,1,0,0,0,2,1,1,4,0,0,0,3,0,0,0,4,5,8,7
"813",813,0,0,0,2,1,1,1,1,2,2,3,3,2,2,3,2,1,2,2,3,6,10,17
"814",814,2,2,2,2,2,2,2,2,5,5,5,5,5,5,5,5,5,5,5,5,16,20,40
"815",815,1,1,1,1,1,1,1,0,3,3,3,3,3,3,3,2,3,3,3,3,7,12,23
"816",816,1,1,1,1,1,1,1,2,2,2,2,3,5,2,4,5,5,5,5,5,9,9,36
"817",817,2,2,2,2,1,1,2,1,6,6,6,6,3,5,3,3,4,5,2,5,13,24,30
"818",818,1,1,1,1,1,1,1,1,2,1,2,2,2,2,2,2,2,2,2,1,8,7,15
"819",819,3,3,3,3,3,1,3,3,6,6,5,6,2,5,4,4,4,2,5,6,22,23,32
"820",820,2,2,2,2,1,2,2,2,3,3,3,5,3,3,3,3,4,3,4,4,15,14,27
"821",821,2,2,2,2,2,2,2,2,6,6,5,4,3,4,4,6,3,2,1,5,16,21,28
"822",822,3,2,2,1,2,2,1,2,4,4,4,4,3,3,4,3,4,4,3,3,15,16,27
"823",823,2,2,2,2,1,2,3,2,6,6,5,4,4,4,4,3,4,4,3,6,16,21,32
"824",824,2,1,1,2,1,1,1,1,3,4,4,5,1,1,3,2,3,2,4,4,10,16,20
"825",825,3,2,3,2,2,2,3,2,6,5,6,6,4,4,4,5,5,5,4,6,19,23,37
"826",826,3,3,3,3,3,3,3,2,6,6,6,6,6,6,6,6,6,3,6,6,23,24,45
"827",827,2,2,3,2,2,2,2,2,4,4,3,5,2,3,0,5,1,2,2,5,17,16,20
"828",828,3,3,3,3,3,3,3,3,5,5,6,5,5,5,5,6,6,5,5,5,24,21,42
"829",829,3,2,1,2,2,2,2,2,6,6,5,6,5,5,6,4,4,5,5,5,16,23,39
"830",830,3,1,2,2,2,2,1,3,5,5,5,5,4,3,5,4,4,3,5,5,16,20,33
"831",831,3,3,3,3,3,3,3,3,6,6,6,6,4,5,5,6,4,3,5,4,24,24,36
"832",832,3,3,3,3,3,3,3,3,6,6,6,6,6,6,6,6,6,6,6,6,24,24,48
"833",833,2,2,3,2,2,2,2,2,6,6,6,6,4,5,4,6,5,6,2,6,17,24,38
"834",834,3,3,3,3,3,3,3,3,6,6,6,6,6,6,6,6,6,6,6,6,24,24,48
"835",835,2,2,2,2,2,2,2,2,5,5,5,5,5,5,5,5,5,5,5,5,16,20,40
"836",836,3,3,3,3,3,3,3,3,6,6,6,6,6,6,6,6,6,6,6,6,24,24,48
"837",837,2,1,2,2,2,2,3,3,5,6,6,6,4,3,4,6,4,5,4,6,17,23,36
"838",838,2,3,2,2,2,2,3,2,5,6,6,5,3,5,5,5,3,3,3,4,18,22,31
"839",839,2,2,3,2,1,1,2,2,2,3,4,3,2,4,2,4,3,2,2,5,15,12,24
"840",840,2,2,2,2,2,2,2,2,5,5,5,5,5,5,5,5,5,5,5,5,16,20,40
"841",841,3,3,3,3,3,3,3,3,6,6,6,6,6,6,6,6,6,6,6,6,24,24,48
"842",842,2,2,2,2,1,1,2,2,6,5,5,6,3,5,5,6,4,4,5,5,14,22,37
"843",843,2,2,3,2,2,2,3,3,3,3,3,6,3,5,3,5,0,1,2,6,19,15,25
"844",844,2,2,2,2,1,1,2,2,3,4,4,4,2,4,4,4,3,3,4,4,14,15,28
"845",845,3,2,3,3,3,2,3,3,6,6,6,5,5,5,5,5,2,3,5,6,22,23,36
"846",846,3,3,3,3,3,3,3,3,6,6,6,6,6,6,6,6,6,6,6,6,24,24,48
"847",847,2,2,2,2,1,2,2,2,5,5,5,5,5,5,5,5,5,5,5,5,15,20,40
"848",848,3,3,2,2,2,2,1,2,6,6,6,6,4,3,4,5,5,5,4,3,17,24,33
"849",849,2,1,2,2,2,2,1,2,5,5,5,6,5,5,4,4,5,5,5,6,14,21,39
"850",850,2,3,3,3,3,3,2,2,6,6,6,6,6,5,5,6,5,5,6,5,21,24,43
"851",851,2,2,2,2,2,2,2,3,6,6,6,6,2,5,4,5,3,2,2,4,17,24,27
"852",852,2,1,1,1,1,1,1,2,4,5,6,6,4,4,4,3,3,3,6,6,10,21,33
"853",853,3,3,2,2,2,2,2,3,6,6,6,6,5,5,5,6,6,3,4,6,19,24,40
"854",854,2,3,3,3,3,3,3,3,6,6,6,6,2,5,4,6,3,3,6,6,23,24,35
"855",855,3,2,2,2,2,2,1,2,6,6,6,6,6,6,6,4,4,1,5,6,16,24,38
"856",856,2,2,2,2,2,2,2,3,5,4,4,5,4,4,4,4,4,3,4,4,17,18,31
"857",857,1,2,2,1,1,1,2,1,5,6,6,6,1,1,5,2,2,3,1,5,11,23,20
"858",858,2,2,1,2,1,2,1,1,5,6,5,5,5,5,6,4,4,5,5,5,12,21,39
"859",859,3,2,2,2,1,1,3,2,4,5,5,3,4,4,3,4,4,3,3,4,16,17,29
"860",860,3,3,2,2,2,2,2,2,6,6,6,6,1,6,6,5,1,3,5,6,18,24,33
"861",861,3,2,3,3,3,3,3,3,5,6,6,6,3,4,6,5,6,5,6,6,23,23,41
"862",862,2,2,2,2,2,2,2,2,5,5,5,5,3,4,4,4,4,3,4,4,16,20,30
"863",863,2,2,2,2,2,2,2,2,5,4,5,4,5,5,5,4,4,4,4,4,16,18,35
"864",864,3,3,3,3,3,3,3,3,6,6,6,6,6,6,6,6,6,6,6,6,24,24,48
"865",865,1,1,1,1,1,1,1,1,3,3,4,4,2,2,4,3,3,4,4,4,8,14,26
"866",866,3,3,2,2,2,3,3,2,6,6,6,6,3,3,5,4,5,3,3,3,20,24,29
"867",867,3,3,3,3,2,2,3,3,6,6,6,6,5,6,5,6,5,5,5,4,22,24,41
"868",868,2,1,2,2,2,2,2,2,4,5,6,5,4,5,6,6,5,5,6,5,15,20,42
"869",869,3,3,2,3,1,2,3,3,6,6,6,6,5,6,6,6,5,6,6,6,20,24,46
"870",870,3,3,3,3,3,3,3,3,6,6,6,6,4,6,6,6,5,5,6,6,24,24,44
"871",871,3,3,2,3,3,3,3,3,6,6,6,6,5,6,6,6,5,5,4,6,23,24,43
"872",872,2,1,2,2,1,1,2,2,3,3,4,4,3,2,4,3,4,3,4,4,13,14,27
"873",873,3,3,2,3,2,3,3,3,6,6,6,6,5,6,6,6,5,6,5,6,22,24,45
"874",874,3,3,3,3,3,1,3,3,6,6,6,6,3,2,6,6,6,2,6,6,22,24,37
"875",875,2,3,3,3,3,3,3,3,5,5,6,6,4,4,3,5,3,2,5,5,23,22,31
"876",876,2,2,3,3,2,2,1,2,5,6,6,5,5,4,5,4,6,5,6,6,17,22,41
"877",877,3,3,3,3,3,3,3,3,5,6,6,5,3,5,5,6,4,3,5,5,24,22,36
"878",878,3,3,2,2,2,2,3,3,6,6,6,6,5,5,4,5,5,5,5,4,20,24,38
"879",879,2,2,2,2,2,2,2,2,6,6,6,6,1,3,5,4,4,3,5,5,16,24,30
"880",880,3,3,3,3,3,3,3,3,5,5,5,5,5,5,5,5,5,5,5,5,24,20,40
"881",881,2,2,2,2,2,1,2,3,5,5,6,5,1,3,6,3,5,3,6,6,16,21,33
"882",882,2,1,1,1,1,1,1,1,4,4,4,4,4,4,4,3,4,4,4,4,9,16,31
"883",883,3,3,3,3,3,3,3,3,6,6,6,6,3,6,4,5,5,0,1,2,24,24,26
"884",884,2,2,2,2,1,2,2,2,3,4,4,4,4,4,4,3,4,3,4,4,15,15,30
"885",885,3,3,3,3,3,3,3,0,6,6,5,5,5,5,6,5,5,2,5,6,21,22,39
"886",886,3,3,3,3,3,3,3,3,6,6,6,6,1,6,3,6,0,3,1,3,24,24,23
"887",887,3,3,3,3,2,3,3,2,6,6,6,6,4,5,5,6,5,5,6,6,22,24,42
"888",888,2,1,2,1,1,1,2,2,4,3,5,3,3,2,3,4,3,2,3,6,12,15,26
"889",889,3,3,3,3,2,3,3,3,6,6,6,6,3,5,5,6,4,5,2,6,23,24,36
"890",890,3,3,2,3,3,3,3,3,6,6,6,6,6,6,6,6,6,6,6,6,23,24,48
"891",891,3,3,3,3,3,3,3,3,6,6,6,6,6,6,6,6,6,6,6,6,24,24,48
"892",892,3,3,3,3,3,3,3,3,6,6,6,6,6,6,6,6,6,6,6,6,24,24,48
"893",893,3,3,3,3,3,3,3,3,6,6,6,6,5,6,5,6,5,5,6,6,24,24,44
"894",894,2,2,2,3,3,3,3,3,6,6,6,6,5,5,6,6,6,6,5,6,21,24,45
"895",895,3,3,3,3,3,3,3,3,6,6,6,6,6,5,6,6,6,6,6,6,24,24,47
"896",896,3,3,3,3,2,2,3,2,5,5,5,6,2,2,3,4,4,2,3,3,21,21,23
"897",897,3,3,3,3,3,3,3,3,6,6,6,6,6,6,6,6,6,6,6,6,24,24,48
"898",898,2,1,1,1,1,1,1,1,4,4,4,4,2,3,4,4,2,2,4,4,9,16,25
"899",899,2,2,1,2,1,1,1,1,3,4,3,4,3,3,4,3,3,4,3,3,11,14,26
"900",900,3,3,2,2,3,3,2,3,6,6,6,6,5,6,6,6,5,6,6,6,21,24,46
"901",901,3,3,2,2,2,1,3,3,6,6,6,6,4,6,5,6,6,6,6,6,19,24,45
"902",902,2,1,2,1,1,1,1,2,4,5,6,5,2,4,4,3,2,4,2,5,11,20,26
"903",903,2,2,1,1,1,1,1,1,3,3,3,3,3,3,3,3,3,3,3,3,10,12,24
"904",904,3,0,2,2,2,2,3,2,5,5,5,4,6,5,4,6,5,4,5,5,16,19,40
"905",905,3,3,3,3,3,3,3,3,6,6,6,6,6,6,6,6,4,6,6,6,24,24,46
"906",906,3,2,2,3,1,2,3,3,6,6,6,5,5,5,4,5,4,3,5,5,19,23,36
"907",907,2,2,1,2,2,1,1,1,5,6,5,4,3,4,3,4,2,2,2,6,12,20,26
"908",908,2,2,2,2,2,2,2,2,6,5,5,5,5,5,5,5,5,5,5,5,16,21,40
"909",909,2,2,2,2,2,2,3,3,6,6,6,6,4,6,5,4,5,3,3,5,18,24,35
"910",910,3,1,1,2,1,2,2,2,5,5,5,5,5,5,5,5,5,5,5,5,14,20,40
"911",911,2,1,3,1,2,1,2,2,2,3,3,3,2,3,3,3,4,3,3,3,14,11,24
"912",912,3,3,3,3,3,3,3,3,6,6,6,6,6,6,6,6,6,6,6,6,24,24,48
"913",913,3,3,2,3,2,2,3,2,6,6,6,6,5,3,5,5,4,4,3,6,20,24,35
"914",914,3,3,3,3,3,3,3,3,5,4,6,5,2,4,5,6,4,2,5,5,24,20,33
"915",915,3,3,2,3,2,1,3,2,6,6,6,6,5,6,5,6,5,6,6,6,19,24,45
"916",916,3,3,3,3,2,2,3,2,6,6,6,6,5,6,6,6,6,5,4,4,21,24,42
"917",917,3,3,2,2,2,2,2,2,4,5,4,4,5,4,4,4,4,4,4,4,18,17,33
"918",918,3,3,3,3,3,3,3,3,6,6,6,6,2,2,5,6,3,2,5,6,24,24,31
"919",919,3,2,2,3,3,2,3,2,6,6,6,6,4,3,6,5,1,5,5,6,20,24,35
"920",920,2,3,2,2,3,3,2,3,6,6,6,6,5,5,6,6,5,5,5,6,20,24,43
"921",921,2,2,2,3,2,3,3,3,5,5,6,5,5,5,5,5,5,5,5,5,20,21,40
"922",922,2,2,2,2,2,2,3,2,5,6,5,6,4,5,5,5,5,4,5,5,17,22,38
"923",923,1,2,2,1,2,1,1,2,4,4,4,5,4,4,4,4,4,4,4,4,12,17,32
"924",924,3,3,1,3,2,3,3,3,6,6,6,6,6,6,6,6,6,6,6,6,21,24,48
"925",925,2,2,1,2,1,1,0,1,6,6,5,5,5,6,4,4,5,5,4,4,10,22,37
"926",926,3,2,1,3,3,3,1,3,6,6,6,6,3,5,5,6,4,3,4,6,19,24,36
"927",927,2,2,2,2,2,1,2,3,4,5,5,5,2,4,5,4,2,2,4,4,16,19,27
"928",928,3,3,3,3,2,3,2,3,6,6,6,6,5,5,6,6,6,5,6,6,22,24,45
"929",929,2,2,2,2,2,2,2,2,4,4,4,4,4,4,4,4,4,4,4,4,16,16,32
"930",930,3,3,3,3,3,3,3,3,6,6,6,5,3,4,3,5,4,4,4,5,24,23,32
"931",931,1,1,1,2,1,1,1,1,4,3,4,4,2,3,4,3,1,3,4,4,9,15,24
"932",932,1,1,1,1,1,1,0,0,6,3,5,3,0,2,2,2,1,1,4,2,6,17,14
"933",933,3,3,3,3,3,3,3,3,6,6,6,6,6,6,6,6,6,6,6,6,24,24,48
"934",934,2,2,1,1,1,2,1,2,5,6,6,5,2,4,3,4,3,2,3,3,12,22,24
"935",935,3,3,3,2,3,2,3,3,6,6,6,6,4,6,5,6,6,3,5,4,22,24,39
"936",936,2,2,2,2,2,2,1,2,5,5,5,5,4,5,5,5,2,4,4,4,15,20,33
"937",937,3,3,2,3,3,3,2,2,6,6,6,6,6,5,6,6,5,6,5,6,21,24,45
"938",938,3,3,3,3,3,3,3,3,6,6,6,6,6,6,5,6,5,6,6,6,24,24,46
"939",939,2,3,2,2,2,2,2,2,6,6,6,6,5,5,5,5,0,4,6,6,17,24,36
"940",940,2,2,2,2,2,2,2,2,6,6,6,6,4,4,4,5,6,4,5,6,16,24,38
"941",941,2,2,2,2,2,2,2,2,6,6,5,6,6,5,6,5,6,6,6,6,16,23,46
"942",942,3,2,1,1,1,2,1,2,5,6,5,5,5,4,3,5,5,4,3,5,13,21,34
"943",943,2,2,2,2,2,2,2,2,5,4,4,4,5,5,4,4,5,4,5,4,16,17,36
"944",944,3,3,3,3,3,3,3,3,6,6,6,6,5,6,6,6,6,6,6,6,24,24,47
"945",945,3,3,2,2,2,2,2,2,5,5,5,5,5,5,5,5,4,5,5,4,18,20,38
"946",946,3,3,3,3,3,3,3,3,6,6,6,6,5,5,6,6,6,6,6,6,24,24,46
"947",947,1,1,1,1,1,1,1,1,4,3,4,3,3,2,2,4,3,2,2,2,8,14,20
"948",948,2,1,1,1,1,1,2,3,2,2,1,3,2,2,1,2,4,3,2,6,12,8,22
"949",949,3,3,2,2,1,2,3,3,6,6,6,6,4,5,3,5,5,6,5,3,19,24,36
"950",950,3,3,2,3,2,2,2,2,6,6,6,6,6,4,6,5,5,5,6,6,19,24,43
"951",951,3,3,3,3,3,3,3,3,5,6,6,6,5,5,6,6,5,5,5,6,24,23,43
"952",952,3,3,3,3,3,3,3,3,5,5,5,5,5,5,5,5,5,5,5,5,24,20,40
"953",953,2,2,1,2,1,1,1,1,4,4,4,5,4,4,4,5,5,4,4,4,11,17,34
"954",954,2,2,2,1,1,2,2,2,4,4,4,4,1,3,4,3,1,2,5,5,14,16,24
"955",955,2,1,2,1,1,1,1,1,2,2,2,3,2,2,4,4,3,2,3,1,10,9,21
"956",956,2,1,1,1,1,1,1,1,2,6,6,6,2,2,6,2,2,2,5,5,9,20,26
"957",957,3,3,3,3,3,3,3,3,6,6,6,6,6,5,6,6,6,5,5,6,24,24,45
"958",958,1,2,2,2,2,2,3,2,5,6,5,5,4,4,5,5,4,4,5,6,16,21,37
"959",959,3,3,2,2,2,3,3,2,6,6,6,6,5,6,2,2,0,3,5,6,20,24,29
"960",960,3,2,2,3,1,2,2,3,5,6,6,6,2,5,6,6,5,2,5,6,18,23,37
"961",961,3,3,3,3,3,3,3,3,6,6,6,6,2,5,3,6,0,3,4,5,24,24,28
"962",962,2,1,2,2,2,1,2,2,5,4,4,6,6,4,4,5,6,5,5,5,14,19,40
"963",963,2,2,2,1,1,1,1,1,6,6,6,6,4,5,4,6,6,4,4,6,11,24,39
"964",964,3,2,2,3,2,2,3,2,5,5,5,6,4,5,5,5,5,5,5,5,19,21,39
"965",965,1,2,1,1,2,1,1,1,1,2,4,2,4,2,1,3,3,2,6,5,10,9,26
"966",966,2,1,2,2,2,1,2,2,6,6,6,6,2,3,3,5,5,2,3,3,14,24,26
"967",967,2,2,2,2,2,2,2,2,6,6,6,6,5,5,5,6,5,5,5,5,16,24,41
"968",968,3,3,3,3,3,2,0,1,6,6,6,6,6,6,6,5,4,5,6,6,18,24,44
"969",969,3,3,3,3,3,3,3,3,6,6,6,6,5,5,5,6,6,5,4,6,24,24,42
"970",970,3,2,3,2,3,2,2,2,6,6,6,6,3,5,5,5,5,5,5,5,19,24,38
"971",971,3,3,3,3,3,3,3,3,6,6,6,6,6,6,6,6,6,6,6,6,24,24,48
"972",972,3,2,2,2,2,2,1,2,6,6,6,6,3,4,6,4,4,2,5,5,16,24,33
"973",973,2,2,1,2,2,2,1,3,4,4,4,6,4,4,4,4,3,5,0,6,15,18,30
"974",974,1,2,1,1,1,1,1,1,1,2,2,3,2,2,2,2,3,2,2,2,9,8,17
"975",975,3,3,3,3,3,3,3,3,6,6,6,6,6,6,6,6,6,6,6,6,24,24,48
"976",976,2,2,2,2,2,2,2,3,6,6,6,6,5,6,6,5,5,5,5,6,17,24,43
"977",977,2,1,1,2,1,1,1,1,6,6,6,6,2,2,6,6,6,6,6,6,10,24,40
"978",978,2,2,3,3,0,0,3,1,6,6,6,6,0,5,3,6,1,0,0,0,14,24,15
"979",979,2,1,2,1,1,1,2,2,3,4,4,3,3,4,3,4,1,3,3,3,12,14,24
"980",980,2,1,1,1,1,1,2,1,6,6,6,6,4,4,5,4,4,4,5,5,10,24,35
"981",981,2,2,3,2,1,2,2,2,4,4,5,4,3,3,3,4,1,4,3,4,16,17,25
"982",982,3,3,2,2,1,1,2,1,6,6,6,6,6,6,6,6,6,6,2,5,15,24,43
"983",983,2,2,2,2,2,2,2,2,4,4,4,4,4,4,3,4,1,2,4,5,16,16,27
"984",984,3,3,2,3,2,3,3,3,5,6,6,6,3,3,4,5,3,3,3,6,22,23,30
"985",985,2,2,2,2,2,1,2,2,2,2,2,2,2,2,1,3,2,1,2,2,15,8,15
"986",986,3,3,3,3,3,3,3,3,6,6,6,6,5,5,6,6,2,6,5,6,24,24,41
"987",987,2,2,2,2,2,2,2,2,5,5,5,5,5,5,5,5,3,5,5,5,16,20,38
"988",988,3,3,2,2,2,2,2,2,5,6,6,6,5,5,6,4,5,5,6,6,18,23,42
"989",989,3,3,3,3,3,3,3,3,6,6,6,6,6,6,6,6,5,6,6,6,24,24,47
"990",990,2,1,1,1,1,1,1,2,5,5,5,5,2,5,4,4,4,2,5,5,10,20,31
"991",991,3,2,2,2,3,3,2,3,6,6,6,6,6,6,6,6,5,6,6,6,20,24,47
"992",992,3,2,2,3,3,3,3,3,5,6,6,5,4,4,2,4,5,3,5,5,22,22,32
"993",993,2,1,2,2,2,2,2,2,4,6,5,5,4,2,4,4,3,5,5,5,15,20,32
"994",994,3,3,3,3,3,3,3,3,6,6,6,6,6,6,6,6,6,6,6,6,24,24,48
"995",995,3,3,3,3,3,3,3,3,6,6,6,6,6,6,6,6,6,6,6,6,24,24,48
"996",996,3,3,2,3,3,3,2,3,6,6,6,6,5,6,6,6,3,3,5,6,22,24,40
"997",997,3,3,3,3,3,3,3,3,5,6,6,6,3,4,5,4,3,4,5,4,24,23,32
"998",998,3,2,2,2,3,3,3,2,6,5,5,6,5,5,6,6,5,5,5,5,20,22,42
"999",999,2,2,2,2,2,2,1,3,6,6,6,5,4,6,5,6,5,1,0,5,16,23,32
"1000",1000,3,3,3,3,3,3,3,3,6,6,6,6,5,6,6,6,0,6,6,6,24,24,41
